<?xml version="1.0" encoding="UTF-8" standalone="yes"?>
<applicationHaul xmlns:a="http://www.appian.com/ae/types/2009">
    <versionUuid>_a-0000ed49-63f5-8000-9c9a-011c48011c48_389643</versionUuid>
    <application>
        <name>Owl Automation Support</name>
        <uuid>67a6d5c4-1099-461a-b25f-0bd72ced57be</uuid>
        <description>This app is to support few complex scenarios in owl automation</description>
        <parentUuid>SYSTEM_APPLICATIONS_ROOT</parentUuid>
        <visibility>
            <advertise>false</advertise>
            <hierarchy>true</hierarchy>
            <indexable>true</indexable>
            <quota>false</quota>
            <searchable>true</searchable>
            <system>false</system>
            <unlogged>false</unlogged>
        </visibility>
        <urlIdentifier>4N121A</urlIdentifier>
        <published>false</published>
        <public>false</public>
        <prefix>OAS</prefix>
        <associatedObjects>
            <globalIdMap>
                <item>
                    <type>datatype</type>
                    <uuids>
                        <uuid>{urn:com:appian:types:MNT}MNT_Object</uuid>
                        <uuid>{urn:com:appian:types:DEV_TOOLS}DEV_TOOLS_p_object_deps</uuid>
                    </uuids>
                </item>
                <item>
                    <type>dataStore</type>
                    <uuids/>
                </item>
                <item>
                    <type>user</type>
                    <uuids/>
                </item>
                <item>
                    <type>groupType</type>
                    <uuids/>
                </item>
                <item>
                    <type>group</type>
                    <uuids>
                        <uuid>1f6e9f0d-1536-49fd-9eb6-eb851ead7576</uuid>
                        <uuid>fa0dbdc5-ec32-4d98-a551-a8896a8b592a</uuid>
                        <uuid>_e-0000e2ad-62e7-8000-9aee-01075c01075c_85</uuid>
                    </uuids>
                </item>
                <item>
                    <type>content</type>
                    <uuids>
                        <uuid>a0afdc7c-2f8e-4fd4-ad27-c4147e9adb66</uuid>
                        <uuid>2b5b3790-e96f-4c8d-8e30-0435577b0c6f</uuid>
                        <uuid>7410b57b-e1f5-40e0-bd26-4d0019ce2cc8</uuid>
                        <uuid>_a-0000ed2d-b2b7-8000-9c94-011c48011c48_359433</uuid>
                        <uuid>_a-0000ed2d-b2b7-8000-9c94-011c48011c48_359451</uuid>
                        <uuid>_a-0000ed2d-b2b7-8000-9c94-011c48011c48_359439</uuid>
                        <uuid>_a-0000ed2d-b2b7-8000-9c94-011c48011c48_359564</uuid>
                        <uuid>_a-0000ed2d-b2b7-8000-9c94-011c48011c48_359579</uuid>
                        <uuid>_a-0000ed2d-b2b7-8000-9c94-011c48011c48_359426</uuid>
                        <uuid>_a-0000ed2d-b2b7-8000-9c94-011c48011c48_359684</uuid>
                        <uuid>_a-0000ed2d-b2b7-8000-9c94-011c48011c48_359697</uuid>
                        <uuid>_a-0000ed2d-b2b7-8000-9c94-011c48011c48_359710</uuid>
                        <uuid>_a-0000e2ad-62e7-8000-9ba2-011c48011c48_75782</uuid>
                        <uuid>_a-0000e3e6-fb42-8000-9ba5-011c48011c48_162769</uuid>
                        <uuid>_a-0000e40a-de32-8000-9ba8-011c48011c48_272151</uuid>
                        <uuid>_a-0000e2ad-62e7-8000-9ba2-011c48011c48_75842</uuid>
                        <uuid>_a-0000e3e6-fb42-8000-9ba5-011c48011c48_157503</uuid>
                        <uuid>_a-0000e3e6-fb42-8000-9ba5-011c48011c48_157548</uuid>
                        <uuid>_a-0000e3e6-fb42-8000-9ba5-011c48011c48_157603</uuid>
                        <uuid>_a-0000e2ad-62e7-8000-9ba2-011c48011c48_76617</uuid>
                        <uuid>_a-0000e2ad-62e7-8000-9ba2-011c48011c48_76367</uuid>
                        <uuid>_a-0000e2ad-62e7-8000-9ba2-011c48011c48_75913</uuid>
                        <uuid>_a-0000e2ad-62e7-8000-9ba2-011c48011c48_76433</uuid>
                        <uuid>_a-0000e40a-de32-8000-9ba8-011c48011c48_269546</uuid>
                        <uuid>_a-0000e2ad-62e7-8000-9ba2-011c48011c48_75800</uuid>
                        <uuid>_a-0000e40a-de32-8000-9ba8-011c48011c48_271202</uuid>
                        <uuid>_a-0000e2ad-62e7-8000-9ba2-011c48011c48_75720</uuid>
                        <uuid>_a-0000e5d4-2024-8000-9baf-011c48011c48_376818</uuid>
                        <uuid>_a-0000e60f-ab56-8000-9bb2-011c48011c48_389437</uuid>
                        <uuid>_a-0000e2ee-bf3d-8000-90cd-01ef9001ef90_22291</uuid>
                        <uuid>_a-0000e447-933d-8000-9baa-011c48011c48_51976</uuid>
                        <uuid>_a-0000e447-933d-8000-9baa-011c48011c48_69535</uuid>
                        <uuid>_a-0000e792-dcbb-8000-9bdc-011c48011c48_584171</uuid>
                        <uuid>_a-0000e5d4-2024-8000-9baf-011c48011c48_334404</uuid>
                        <uuid>fea20210-c182-4eb0-9f81-30a6c9f648d8</uuid>
                        <uuid>62bf87c2-0b32-4b1d-8043-850a599dfcd0</uuid>
                        <uuid>_a-0000ed2d-b2b7-8000-9c94-011c48011c48_360138</uuid>
                        <uuid>_a-0000ed2d-b2b7-8000-9c94-011c48011c48_360144</uuid>
                        <uuid>_a-0000ed36-ed5b-8000-9c96-011c48011c48_363211</uuid>
                        <uuid>_a-0000ed36-ed5b-8000-9c96-011c48011c48_363275</uuid>
                        <uuid>_a-0000ed36-ed5b-8000-9c96-011c48011c48_363281</uuid>
                        <uuid>_a-0000ed36-ed5b-8000-9c96-011c48011c48_363299</uuid>
                        <uuid>_a-0000ed36-ed5b-8000-9c96-011c48011c48_363305</uuid>
                        <uuid>_a-0000ed36-ed5b-8000-9c96-011c48011c48_363318</uuid>
                        <uuid>_a-0000ed36-ed5b-8000-9c96-011c48011c48_363342</uuid>
                        <uuid>_a-0000ed36-ed5b-8000-9c96-011c48011c48_363441</uuid>
                        <uuid>_a-0000ed36-ed5b-8000-9c96-011c48011c48_364406</uuid>
                        <uuid>_a-0000ed36-ed5b-8000-9c96-011c48011c48_364731</uuid>
                        <uuid>_a-0000ed36-ed5b-8000-9c96-011c48011c48_364733</uuid>
                        <uuid>_a-0000ed36-ed5b-8000-9c96-011c48011c48_364740</uuid>
                        <uuid>_a-0000ed36-ed5b-8000-9c96-011c48011c48_364752</uuid>
                        <uuid>_a-0000ed36-ed5b-8000-9c96-011c48011c48_364754</uuid>
                        <uuid>_a-0000ed36-ed5b-8000-9c96-011c48011c48_364761</uuid>
                        <uuid>_a-0000ed36-ed5b-8000-9c96-011c48011c48_364768</uuid>
                        <uuid>_a-0000ed36-ed5b-8000-9c96-011c48011c48_366596</uuid>
                        <uuid>_a-0000ed36-ed5b-8000-9c96-011c48011c48_370097</uuid>
                        <uuid>_a-0000ed36-ed5b-8000-9c96-011c48011c48_370151</uuid>
                        <uuid>_a-0000ed36-ed5b-8000-9c96-011c48011c48_370227</uuid>
                        <uuid>_a-0000ed36-ed5b-8000-9c96-011c48011c48_370586</uuid>
                        <uuid>_a-0000ed40-2966-8000-9c98-011c48011c48_376723</uuid>
                        <uuid>_a-0000ed49-63f5-8000-9c9a-011c48011c48_378030</uuid>
                        <uuid>_a-0000e2ad-62e7-8000-9ba2-011c48011c48_73105</uuid>
                        <uuid>_a-0000e5d4-2024-8000-9baf-011c48011c48_334397</uuid>
                        <uuid>_a-0000e5d4-2024-8000-9baf-011c48011c48_383043</uuid>
                        <uuid>_a-0000e5d4-2024-8000-9baf-011c48011c48_383056</uuid>
                        <uuid>_a-0000e5d4-2024-8000-9baf-011c48011c48_383049</uuid>
                        <uuid>_a-0000e2ad-62e7-8000-9ba2-011c48011c48_73980</uuid>
                        <uuid>_a-0000e2ad-62e7-8000-9ba2-011c48011c48_73536</uuid>
                        <uuid>_a-0000ed49-63f5-8000-9c9a-011c48011c48_389582</uuid>
                        <uuid>_a-0000ed49-63f5-8000-9c9a-011c48011c48_389599</uuid>
                        <uuid>_a-0000ed49-63f5-8000-9c9a-011c48011c48_389601</uuid>
                        <uuid>_a-0000ed49-63f5-8000-9c9a-011c48011c48_389617</uuid>
                        <uuid>_a-0000ed49-63f5-8000-9c9a-011c48011c48_389619</uuid>
                        <uuid>_a-0000ed49-63f5-8000-9c9a-011c48011c48_389622</uuid>
                    </uuids>
                </item>
                <item>
                    <type>forum</type>
                    <uuids/>
                </item>
                <item>
                    <type>processModelFolder</type>
                    <uuids>
                        <uuid>_g-0000ed2d-b2d3-8000-038e-7f0000014e7a_60</uuid>
                    </uuids>
                </item>
                <item>
                    <type>processModel</type>
                    <uuids>
                        <uuid>0002ed33-4910-8000-038f-7f0000014e7a</uuid>
                        <uuid>0002ed33-6c83-8000-039b-7f0000014e7a</uuid>
                        <uuid>0002ed36-fdf0-8000-03ba-7f0000014e7a</uuid>
                    </uuids>
                </item>
                <item>
                    <type>portlet</type>
                    <uuids/>
                </item>
                <item>
                    <type>page</type>
                    <uuids/>
                </item>
                <item>
                    <type>application</type>
                    <uuids/>
                </item>
                <item>
                    <type>tempoFeed</type>
                    <uuids/>
                </item>
                <item>
                    <type>recordType</type>
                    <uuids/>
                </item>
                <item>
                    <type>recordField</type>
                    <uuids/>
                </item>
                <item>
                    <type>recordRelationship</type>
                    <uuids/>
                </item>
                <item>
                    <type>tempoReport</type>
                    <uuids/>
                </item>
                <item>
                    <type>taskReport</type>
                    <uuids/>
                </item>
                <item>
                    <type>webApi</type>
                    <uuids/>
                </item>
                <item>
                    <type>site</type>
                    <uuids>
                        <uuid>7b8662c7-12b4-4f3e-b052-c9c4410bb235</uuid>
                    </uuids>
                </item>
                <item>
                    <type>adminSetting</type>
                    <uuids/>
                </item>
                <item>
                    <type>thirdPartyCredentials</type>
                    <uuids/>
                </item>
                <item>
                    <type>dataSource</type>
                    <uuids/>
                </item>
                <item>
                    <type>embeddedSailTheme</type>
                    <uuids/>
                </item>
                <item>
                    <type>connectedSystem</type>
                    <uuids/>
                </item>
                <item>
                    <type>pluginInfo</type>
                    <uuids/>
                </item>
                <item>
                    <type>featureFlag</type>
                    <uuids/>
                </item>
                <item>
                    <type>designObjectReferenceImplementation</type>
                    <uuids/>
                </item>
                <item>
                    <type>aiSkill</type>
                    <uuids/>
                </item>
                <item>
                    <type>roboticTaskDesignObject</type>
                    <uuids/>
                </item>
                <item>
                    <type>robotPoolDesignObject</type>
                    <uuids/>
                </item>
                <item>
                    <type>portal</type>
                    <uuids/>
                </item>
                <item>
                    <type>translationSet</type>
                    <uuids/>
                </item>
                <item>
                    <type>translationString</type>
                    <uuids/>
                </item>
                <item>
                    <type>translationVariable</type>
                    <uuids/>
                </item>
            </globalIdMap>
        </associatedObjects>
        <applicationNavigation/>
        <applicationActions/>
        <associatedApplications>
            <globalIdMap>
                <item>
                    <type>datatype</type>
                    <uuids/>
                </item>
                <item>
                    <type>dataStore</type>
                    <uuids/>
                </item>
                <item>
                    <type>user</type>
                    <uuids/>
                </item>
                <item>
                    <type>groupType</type>
                    <uuids/>
                </item>
                <item>
                    <type>group</type>
                    <uuids/>
                </item>
                <item>
                    <type>content</type>
                    <uuids/>
                </item>
                <item>
                    <type>forum</type>
                    <uuids/>
                </item>
                <item>
                    <type>processModelFolder</type>
                    <uuids/>
                </item>
                <item>
                    <type>processModel</type>
                    <uuids/>
                </item>
                <item>
                    <type>portlet</type>
                    <uuids/>
                </item>
                <item>
                    <type>page</type>
                    <uuids/>
                </item>
                <item>
                    <type>application</type>
                    <uuids/>
                </item>
                <item>
                    <type>tempoFeed</type>
                    <uuids/>
                </item>
                <item>
                    <type>recordType</type>
                    <uuids/>
                </item>
                <item>
                    <type>recordField</type>
                    <uuids/>
                </item>
                <item>
                    <type>recordRelationship</type>
                    <uuids/>
                </item>
                <item>
                    <type>tempoReport</type>
                    <uuids/>
                </item>
                <item>
                    <type>taskReport</type>
                    <uuids/>
                </item>
                <item>
                    <type>webApi</type>
                    <uuids/>
                </item>
                <item>
                    <type>site</type>
                    <uuids/>
                </item>
                <item>
                    <type>adminSetting</type>
                    <uuids/>
                </item>
                <item>
                    <type>thirdPartyCredentials</type>
                    <uuids/>
                </item>
                <item>
                    <type>dataSource</type>
                    <uuids/>
                </item>
                <item>
                    <type>embeddedSailTheme</type>
                    <uuids/>
                </item>
                <item>
                    <type>connectedSystem</type>
                    <uuids/>
                </item>
                <item>
                    <type>pluginInfo</type>
                    <uuids/>
                </item>
                <item>
                    <type>featureFlag</type>
                    <uuids/>
                </item>
                <item>
                    <type>designObjectReferenceImplementation</type>
                    <uuids/>
                </item>
                <item>
                    <type>aiSkill</type>
                    <uuids/>
                </item>
                <item>
                    <type>roboticTaskDesignObject</type>
                    <uuids/>
                </item>
                <item>
                    <type>robotPoolDesignObject</type>
                    <uuids/>
                </item>
                <item>
                    <type>portal</type>
                    <uuids/>
                </item>
                <item>
                    <type>translationSet</type>
                    <uuids/>
                </item>
                <item>
                    <type>translationString</type>
                    <uuids/>
                </item>
                <item>
                    <type>translationVariable</type>
                    <uuids/>
                </item>
            </globalIdMap>
        </associatedApplications>
    </application>
    <roleMap>
        <contentRoleMap public="true">
            <role inherit="false" allowForAll="false" name="readers">
                <users/>
                <groups>
                    <groupUuid>fa0dbdc5-ec32-4d98-a551-a8896a8b592a</groupUuid>
                </groups>
            </role>
            <role inherit="false" allowForAll="false" name="authors">
                <users/>
                <groups/>
            </role>
            <role inherit="false" allowForAll="false" name="administrators">
                <users/>
                <groups>
                    <groupUuid>1f6e9f0d-1536-49fd-9eb6-eb851ead7576</groupUuid>
                </groups>
            </role>
            <role inherit="false" allowForAll="false" name="denyReaders">
                <users/>
                <groups/>
            </role>
            <role inherit="false" allowForAll="false" name="denyAuthors">
                <users/>
                <groups/>
            </role>
            <role inherit="false" allowForAll="false" name="denyAdministrators">
                <users/>
                <groups/>
            </role>
        </contentRoleMap>
    </roleMap>
    <defaultApplicationObjects>
        <object>
            <objectKey>defaultAdminsGroup</objectKey>
            <objectType>group</objectType>
            <objectUuid>1f6e9f0d-1536-49fd-9eb6-eb851ead7576</objectUuid>
        </object>
        <object>
            <objectKey>defaultUsersGroup</objectKey>
            <objectType>group</objectType>
            <objectUuid>fa0dbdc5-ec32-4d98-a551-a8896a8b592a</objectUuid>
        </object>
    </defaultApplicationObjects>
    <applicationDocumentation/>
    <history>
        <historyInfo versionUuid="67a6d5c4-1099-461a-b25f-0bd72ced57be"/>
        <historyInfo versionUuid="_a-0000ed36-ed5b-8000-9c96-011c48011c48_364797"/>
        <historyInfo versionUuid="_a-0000ed49-63f5-8000-9c9a-011c48011c48_389214"/>
        <historyInfo versionUuid="_a-0000ed49-63f5-8000-9c9a-011c48011c48_389347"/>
        <historyInfo versionUuid="_a-0000ed49-63f5-8000-9c9a-011c48011c48_389482"/>
        <historyInfo versionUuid="_a-0000ed49-63f5-8000-9c9a-011c48011c48_389643"/>
    </history>
    <postDeploymentProcessData/>
    <requirementsCaptureB64 xmlns:xsi="http://www.w3.org/2001/XMLSchema-instance" xsi:nil="true"/>
</applicationHaul>
