<?xml version="1.0" encoding="UTF-8" standalone="yes"?>
<contentHaul xmlns:a="http://www.appian.com/ae/types/2009">
    <versionUuid>_a-0000e990-c462-8000-9ba7-011c48011c48_45494</versionUuid>
    <interface>
        <name>dev_tool_sync_all_records_ui</name>
        <uuid>62bf87c2-0b32-4b1d-8043-850a599dfcd0</uuid>
        <description></description>
        <parentUuid>SYSTEM_RULE_FOLDER_QUICK_APPS</parentUuid>
        <visibility>
            <advertise>false</advertise>
            <hierarchy>true</hierarchy>
            <indexable>true</indexable>
            <quota>false</quota>
            <searchable>true</searchable>
            <system>false</system>
            <unlogged>false</unlogged>
        </visibility>
        <definition>a!localVariables(
  local!syncedRecords: #"fea20210-c182-4eb0-9f81-30a6c9f648d8"(),
  {
    #"SYSTEM_SYSRULES_ButtonArrayLayout"(
      align: "START",
      buttons: {
        #"SYSTEM_SYSRULES_ButtonWidget"(
          label: "Sync all",
          saveInto: {
            /*Need to perform the following action for each record in the list, but cannot use foreach*/
            /*a!externalReaction(*/
            /*"record.replica.refresh",*/
            /*local!syncedRecords[1].uuid*/
            /*),*/
            eval(
              concat(
                "a!assystem_appian_internal({",
                joinarray(
                  #"SYSTEM_SYSRULES_forEach"(
                    items: local!syncedRecords.uuid,
                    expression: concat(
                      "a!externalReaction(""record.replica.refresh"",""",
                      fv!item,
                      """)"
                    )
                  ),
                  " ,"
                ),
                "})"
              )
            )
          }
        )
      }
    ),
    #"SYSTEM_SYSRULES_richTextDisplayField"(
      label: "Synced records",
      value: #"SYSTEM_SYSRULES_forEach"(
        items: local!syncedRecords,
        expression: {
          #"_a-0000e447-933d-8000-9baa-011c48011c48_69535"(
            object: fv!item,
            includeExternalLink: true
          ),
          char(10)
        }
      )
    )
  }
)</definition>
        <preferredEditor>interface</preferredEditor>
        <offlineEnabled>false</offlineEnabled>
        <isCustom>false</isCustom>
    </interface>
    <roleMap public="true">
        <role inherit="true" allowForAll="false" name="readers">
            <users/>
            <groups/>
        </role>
        <role inherit="true" allowForAll="false" name="authors">
            <users/>
            <groups/>
        </role>
        <role inherit="true" allowForAll="false" name="administrators">
            <users/>
            <groups/>
        </role>
        <role inherit="false" allowForAll="false" name="denyReaders">
            <users/>
            <groups/>
        </role>
        <role inherit="false" allowForAll="false" name="denyAuthors">
            <users/>
            <groups/>
        </role>
        <role inherit="false" allowForAll="false" name="denyAdministrators">
            <users/>
            <groups/>
        </role>
    </roleMap>
    <history>
        <historyInfo versionUuid="_a-0000e6ec-ba89-8000-9be2-011c48011c48_1892225"/>
        <historyInfo versionUuid="_a-0000e6c8-d132-8000-9bbe-011c48011c48_491481"/>
        <historyInfo versionUuid="_a-0000e6c8-d132-8000-9bbe-011c48011c48_491499"/>
        <historyInfo versionUuid="_a-0000e990-c462-8000-9ba7-011c48011c48_45494"/>
    </history>
</contentHaul>
