<?xml version="1.0" encoding="UTF-8" standalone="yes"?>
<contentHaul xmlns:a="http://www.appian.com/ae/types/2009">
    <versionUuid>_a-0000ed49-63f5-8000-9c9a-011c48011c48_389256</versionUuid>
    <rule>
        <name>OAS_AS_CO_UT_zINTERNAL_indexPath_nestedFieldArrayHandler</name>
        <uuid>_a-0000e2ad-62e7-8000-9ba2-011c48011c48_75913</uuid>
        <description>Used by rule `AS_CO_UT_indexPath`</description>
        <parentUuid>_a-0000e2ad-62e7-8000-9ba2-011c48011c48_73105</parentUuid>
        <visibility>
            <advertise>false</advertise>
            <hierarchy>true</hierarchy>
            <indexable>true</indexable>
            <quota>false</quota>
            <searchable>true</searchable>
            <system>false</system>
            <unlogged>false</unlogged>
        </visibility>
        <definition>with(
  local!fieldSplit: #"_a-0000e2ad-62e7-8000-9ba2-011c48011c48_76367"(split(
    #"_a-0000e2ad-62e7-8000-9ba2-011c48011c48_76367"(split(
      #"_a-0000e2ad-62e7-8000-9ba2-011c48011c48_76367"(split(
        ri!field, 
        ".")), 
      "[")),
    "]")),
  
  apply(
    #"_a-0000e2ad-62e7-8000-9ba2-011c48011c48_76617"(
      field: _
    ),
    local!fieldSplit
  )
)</definition>
        <namedTypedValue>
            <name>field</name>
            <type>
                <name>string</name>
                <namespace>http://www.w3.org/2001/XMLSchema</namespace>
            </type>
            <value/>
        </namedTypedValue>
        <preferredEditor>legacy</preferredEditor>
        <offlineEnabled>false</offlineEnabled>
    </rule>
    <roleMap public="true">
        <role inherit="true" allowForAll="false" name="readers">
            <users/>
            <groups/>
        </role>
        <role inherit="true" allowForAll="false" name="authors">
            <users/>
            <groups/>
        </role>
        <role inherit="true" allowForAll="false" name="administrators">
            <users/>
            <groups/>
        </role>
        <role inherit="false" allowForAll="false" name="denyReaders">
            <users/>
            <groups/>
        </role>
        <role inherit="false" allowForAll="false" name="denyAuthors">
            <users/>
            <groups/>
        </role>
        <role inherit="false" allowForAll="false" name="denyAdministrators">
            <users/>
            <groups/>
        </role>
    </roleMap>
    <typedValue>
        <type>
            <name>RuleTestConfig?list</name>
            <namespace>http://www.appian.com/ae/types/2009</namespace>
        </type>
        <value>
            <el>
                <a:name>Single Field</a:name>
                <a:ruleInputTestConfigs>
                    <a:value xmlns:xsi="http://www.w3.org/2001/XMLSchema-instance" xsi:type="a:Expression">"a"</a:value>
                    <a:nameRef>field</a:nameRef>
                    <a:id>1</a:id>
                </a:ruleInputTestConfigs>
                <a:assertions>
                    <a:expectedOutput>
                        <a:type a:uuid="{http://www.appian.com/ae/types/2009}Text?list"/>
                        <a:runtimeType a:uuid="{http://www.appian.com/ae/types/2009}Text?list"/>
                        <a:value xmlns:xsi="http://www.w3.org/2001/XMLSchema-instance" xsi:type="a:Expression">{"a"}</a:value>
                    </a:expectedOutput>
                </a:assertions>
            </el>
            <el>
                <a:name>Complex Field 1</a:name>
                <a:ruleInputTestConfigs>
                    <a:value xmlns:xsi="http://www.w3.org/2001/XMLSchema-instance" xsi:type="a:Expression">"a.b"</a:value>
                    <a:nameRef>field</a:nameRef>
                    <a:id>1</a:id>
                </a:ruleInputTestConfigs>
                <a:assertions>
                    <a:expectedOutput>
                        <a:type a:uuid="{http://www.appian.com/ae/types/2009}Text?list"/>
                        <a:runtimeType a:uuid="{http://www.appian.com/ae/types/2009}Text?list"/>
                        <a:value xmlns:xsi="http://www.w3.org/2001/XMLSchema-instance" xsi:type="a:Expression">{"a", "b"}</a:value>
                    </a:expectedOutput>
                </a:assertions>
            </el>
            <el>
                <a:name>Complex Field 2</a:name>
                <a:ruleInputTestConfigs>
                    <a:value xmlns:xsi="http://www.w3.org/2001/XMLSchema-instance" xsi:type="a:Expression">"a[1].b"</a:value>
                    <a:nameRef>field</a:nameRef>
                    <a:id>1</a:id>
                </a:ruleInputTestConfigs>
                <a:assertions>
                    <a:expectedOutput>
                        <a:type a:uuid="{http://www.appian.com/ae/types/2009}Variant"/>
                        <a:runtimeType a:uuid="{http://www.appian.com/ae/types/2009}Variant"/>
                        <a:value xmlns:xsi="http://www.w3.org/2001/XMLSchema-instance" xsi:type="a:Expression">{"a", 1, "b"}</a:value>
                    </a:expectedOutput>
                </a:assertions>
            </el>
        </value>
    </typedValue>
    <history>
        <historyInfo versionUuid="_a-0000e2ad-62e7-8000-9ba2-011c48011c48_76635"/>
        <historyInfo versionUuid="_a-0000e2cd-bc96-8000-9ba2-011c48011c48_181077"/>
        <historyInfo versionUuid="_a-0000e2cd-bc96-8000-9ba2-011c48011c48_275545"/>
        <historyInfo versionUuid="_a-0000e3e6-fb42-8000-9ba5-011c48011c48_239660"/>
        <historyInfo versionUuid="_a-0000e3ff-a5bc-8000-9ba8-011c48011c48_53489"/>
        <historyInfo versionUuid="_a-0000e430-f270-8000-9bbc-011c48011c48_372759"/>
        <historyInfo versionUuid="_a-0000ed49-63f5-8000-9c9a-011c48011c48_389256"/>
    </history>
</contentHaul>
