<?xml version="1.0" encoding="UTF-8" standalone="yes"?>
<contentHaul xmlns:a="http://www.appian.com/ae/types/2009">
    <versionUuid>_a-0000ed49-63f5-8000-9c9a-011c48011c48_389249</versionUuid>
    <rule>
        <name>OAS_MNT_UT_GetAvailableObjTypesForPurpose</name>
        <uuid>_a-0000e60f-ab56-8000-9bb2-011c48011c48_389437</uuid>
        <description></description>
        <parentUuid>_a-0000e5d4-2024-8000-9baf-011c48011c48_334397</parentUuid>
        <visibility>
            <advertise>false</advertise>
            <hierarchy>true</hierarchy>
            <indexable>true</indexable>
            <quota>false</quota>
            <searchable>true</searchable>
            <system>false</system>
            <unlogged>false</unlogged>
        </visibility>
        <definition>if(
  ri!isAllObjectQuery,
  a!flatten(#"_a-0000e5d4-2024-8000-9baf-011c48011c48_376818"().types),
  
  ri!isReferenceQuery,
  a!flatten(#"_a-0000e2ad-62e7-8000-9ba2-011c48011c48_75800"(
    cdt: #"_a-0000e5d4-2024-8000-9baf-011c48011c48_376818"(),
    field: "useForReferences",
    value: true
  ).types),
  
  ri!supportsVersioning,
  a!flatten(#"_a-0000e2ad-62e7-8000-9ba2-011c48011c48_75800"(
    cdt: #"_a-0000e5d4-2024-8000-9baf-011c48011c48_376818"(),
    field: "supportsVersioning",
    value: true
  ).types),
  
  {}
)</definition>
        <namedTypedValue>
            <name>isAllObjectQuery</name>
            <type>
                <name>boolean</name>
                <namespace>http://www.w3.org/2001/XMLSchema</namespace>
            </type>
        </namedTypedValue>
        <namedTypedValue>
            <name>isReferenceQuery</name>
            <type>
                <name>boolean</name>
                <namespace>http://www.w3.org/2001/XMLSchema</namespace>
            </type>
        </namedTypedValue>
        <namedTypedValue>
            <name>supportsVersioning</name>
            <type>
                <name>boolean</name>
                <namespace>http://www.w3.org/2001/XMLSchema</namespace>
            </type>
        </namedTypedValue>
        <preferredEditor>legacy</preferredEditor>
        <offlineEnabled>false</offlineEnabled>
    </rule>
    <roleMap public="true">
        <role inherit="true" allowForAll="false" name="readers">
            <users/>
            <groups/>
        </role>
        <role inherit="true" allowForAll="false" name="authors">
            <users/>
            <groups/>
        </role>
        <role inherit="true" allowForAll="false" name="administrators">
            <users/>
            <groups/>
        </role>
        <role inherit="false" allowForAll="false" name="denyReaders">
            <users/>
            <groups/>
        </role>
        <role inherit="false" allowForAll="false" name="denyAuthors">
            <users/>
            <groups/>
        </role>
        <role inherit="false" allowForAll="false" name="denyAdministrators">
            <users/>
            <groups/>
        </role>
    </roleMap>
    <history>
        <historyInfo versionUuid="_a-0000e60f-ab56-8000-9bb2-011c48011c48_389448"/>
        <historyInfo versionUuid="_a-0000e60f-ab56-8000-9bb2-011c48011c48_389656"/>
        <historyInfo versionUuid="_a-0000ed49-63f5-8000-9c9a-011c48011c48_389249"/>
    </history>
</contentHaul>
