<?xml version="1.0" encoding="UTF-8" standalone="yes"?>
<contentHaul xmlns:a="http://www.appian.com/ae/types/2009">
    <versionUuid>_a-0000ed2d-b2b7-8000-9c94-011c48011c48_359652</versionUuid>
    <rule>
        <name>OAS_MNT_QK_GetObjects</name>
        <uuid>_a-0000ed2d-b2b7-8000-9c94-011c48011c48_359451</uuid>
        <description></description>
        <parentUuid>_a-0000ed2d-b2b7-8000-9c94-011c48011c48_359433</parentUuid>
        <visibility>
            <advertise>false</advertise>
            <hierarchy>true</hierarchy>
            <indexable>true</indexable>
            <quota>false</quota>
            <searchable>true</searchable>
            <system>false</system>
            <unlogged>false</unlogged>
        </visibility>
        <definition>/*Rule based on DEV_TOOLS_get_all_objects */

a!localVariables(
  local!batchSize: if(
    #"_a-0000e792-dcbb-8000-9bdc-011c48011c48_584171"(
      searchTerm: ri!searchTerm,
      appIds: ri!appIds,
      types: ri!types,
      objIds: ri!objIds,
      getApplications: ri!getApplications
    ),
    20, 
    -1
  ),

  local!selector: if(
    ri!getApplications,
    fn!objectselect_appian_internal(
      type: 'type!{http://www.appian.com/ae/types/2009}Application'
    ),
    a!isNullOrEmpty(ri!appIds),
    fn!objectselect_appian_internal(
      type: #"_a-0000e60f-ab56-8000-9bb2-011c48011c48_389437"(isAllObjectQuery: true)
    ),
    null
  ),

  local!pagingInfo: if(
    a!isNullOrEmpty(ri!pagingInfo),
    #"SYSTEM_SYSRULES_pagingInfo"(
      startIndex: 1,
      batchSize: local!batchSize,
      sort: #"SYSTEM_SYSRULES_sortInfo"(
        field: "modifiedAt",
        ascending: false
      )
    ),
    #"urn:appian:function:v1:a:update"(
      ri!pagingInfo,
      "sort",
      #"_a-0000e40a-de32-8000-9ba8-011c48011c48_271202"(
        cdt: ri!pagingInfo.sort,
        field: "field",
        value: null
      )
    )
  ),

  local!queryResult: a!refreshVariable(
    value: #"SYSTEM_SYSRULES_aos_getObjects"(
      allowSelectAll: true,
      on: local!selector,
      ids: ri!objIds,
      parentIds: a!defaultValue(ri!appIds, null),

      pagingInfo: local!pagingInfo,

      criteria: #"SYSTEM_SYSRULES_query_logicalAnd"(
        logicalExpressions: {
          if(
            a!isNullOrEmpty(ri!types),
            {},
            #"SYSTEM_SYSRULES_appdesigner_applicationContentsTypeFilter"(selectedTypes: ri!types)
          ),

          fn!if(
            #"SYSTEM_SYSRULES_appdesigner_isSearchValueMissing"(ri!searchTerm),
            {},
            ri!searchMode = #"_a-0000e5d4-2024-8000-9baf-011c48011c48_383056",
            #"SYSTEM_SYSRULES_query_logicalAnd"(
              filters: {
                #"SYSTEM_SYSRULES_queryFilter"(
                  field: "uuid",
                  operator: "in",
                  value: touniformstring(#"SYSTEM_SYSRULES_appdesigner_searchExpressions"(
                    searchValue: ri!searchTerm,
                    searchMode: #"_a-0000e5d4-2024-8000-9baf-011c48011c48_383056"
                  ).results.uuid)
                )
              }
            ),
            ri!searchMode = #"_a-0000e5d4-2024-8000-9baf-011c48011c48_383049",
            #"SYSTEM_SYSRULES_appdesigner_uuidAndIdSearchFilter"(
              searchValue: ri!searchTerm
            ),
            ri!searchMode = #"_a-0000e5d4-2024-8000-9baf-011c48011c48_383043",
            #"SYSTEM_SYSRULES_appdesigner_nameAndDetailsSearchFilter"(
              searchValue: ri!searchTerm
            ),
            #"SYSTEM_SYSRULES_appdesigner_nameAndDescriptionSearchFilter"(
              searchValue: ri!searchTerm
            )
          )
        },
        filters: {
          #"SYSTEM_SYSRULES_queryFilter"(
            field: "isGlobal",
            operator: "=",
            value: true
          )
        }
      ),

      properties: {
        "name",
        "id",
        "description",
        "type",
        "typeId",
        "contentTypeId",
        "contentSubtypeId",
        "isGlobal",
        "modifier",
        "resource",
        "modifiedAt",
        "editLink",
        "imageUrl",
        "parentId",
        "parentName",
        "numberOfVersions",
        "published"
      }
    ),
    refreshOnVarChange: ri!triggerRefresh
  ),

  local!objects: local!queryResult.data,

  /*ALL OBJECTS*/
  #"SYSTEM_SYSRULES_dataSubset"(
    startIndex: local!queryResult.startIndex,
    batchSize: local!queryResult.batchSize,
    sort: local!queryResult.sort,
    totalCount: local!queryResult.totalCount,
    data: if(
      ri!skipDataWrap,
      local!objects,
      #"SYSTEM_SYSRULES_forEach"(
        items: local!objects,
        expression: 'type!{urn:com:appian:types:MNT}MNT_Object'(
          uuid: fv!item.uuid,
          obj: fv!item
        )
      )
    ),
    identifiers: index(a!flatten(local!objects), "uuid", {})
  )
)

/*
a!dtd_getSchemaByUuid()
https://github.com/appian/ae/blob/ca281efbb060d18ede4bfe55f1a396eaba7311e8/appian-libraries/data-type-designer/data-type-designer-sail/src/appianApp/content/SYSTEM_SYSRULES_dtd_getSchemaByUuid.xml

a!appdesigner_actionReadByUuid()
https://github.com/appian/ae/blob/ca281efbb060d18ede4bfe55f1a396eaba7311e8/appian-libraries/appian-designer/appian-designer-sail/src/appianApp/content/SYSTEM_SYSRULES_appdesigner_actionReadByUuid.xml

a!appdesigner_objectAction()
https://github.com/appian/ae/blob/ca281efbb060d18ede4bfe55f1a396eaba7311e8/appian-libraries/appian-designer/appian-designer-sail/src/appianApp/content/SYSTEM_SYSRULES_appdesigner_objectAction.xml

fn!objectReadAction_appian_internal()
https://github.com/appian/ae/blob/0a9ea654f945e5e30c63f5b5a530a569d4f90dba/appian-libraries/ae/src/com/appiancorp/expr/server/fn/object/ObjectReadAction.java

How to run "eval" in a plugin:
https://www.screencast.com/t/acb18ZCH

ALL OBJECT PROPERTIES
https://github.com/appian/ae/blob/master/appian-libraries/ae/src/com/appiancorp/expr/server/fn/object/ObjectPropertyName.java

https://github.com/appian/ae/blob/ac5fc9dd77e68e0fe47d7e9ab77dd616c789510a/appian-libraries/appian-designer/appian-designer-sail/src/appianApp/content/SYSTEM_SYSRULES_appdesigner_filterOptionToFilterDictionary.xml
*/</definition>
        <namedTypedValue>
            <name>searchTerm</name>
            <type>
                <name>string</name>
                <namespace>http://www.w3.org/2001/XMLSchema</namespace>
            </type>
            <value/>
        </namedTypedValue>
        <namedTypedValue>
            <name>searchMode</name>
            <type>
                <name>string</name>
                <namespace>http://www.w3.org/2001/XMLSchema</namespace>
            </type>
            <value/>
        </namedTypedValue>
        <namedTypedValue>
            <name>appIds</name>
            <type>
                <name>Application</name>
                <namespace>http://www.appian.com/ae/types/2009</namespace>
            </type>
        </namedTypedValue>
        <namedTypedValue>
            <name>types</name>
            <type>
                <name>string</name>
                <namespace>http://www.w3.org/2001/XMLSchema</namespace>
            </type>
            <value/>
        </namedTypedValue>
        <namedTypedValue>
            <name>objIds</name>
            <type>
                <name>Variant</name>
                <namespace>http://www.appian.com/ae/types/2009</namespace>
            </type>
        </namedTypedValue>
        <namedTypedValue>
            <name>pagingInfo</name>
            <type>
                <name>PagingInfo</name>
                <namespace>http://www.appian.com/ae/types/2009</namespace>
            </type>
        </namedTypedValue>
        <namedTypedValue>
            <name>triggerRefresh</name>
            <type>
                <name>dateTime</name>
                <namespace>http://www.w3.org/2001/XMLSchema</namespace>
            </type>
        </namedTypedValue>
        <namedTypedValue>
            <name>skipDataWrap</name>
            <type>
                <name>boolean</name>
                <namespace>http://www.w3.org/2001/XMLSchema</namespace>
            </type>
        </namedTypedValue>
        <namedTypedValue>
            <name>getApplications</name>
            <type>
                <name>boolean</name>
                <namespace>http://www.w3.org/2001/XMLSchema</namespace>
            </type>
        </namedTypedValue>
        <preferredEditor>legacy</preferredEditor>
        <offlineEnabled>false</offlineEnabled>
    </rule>
    <roleMap public="true">
        <role inherit="true" allowForAll="false" name="readers">
            <users/>
            <groups/>
        </role>
        <role inherit="true" allowForAll="false" name="authors">
            <users/>
            <groups/>
        </role>
        <role inherit="true" allowForAll="false" name="administrators">
            <users/>
            <groups/>
        </role>
        <role inherit="false" allowForAll="false" name="denyReaders">
            <users/>
            <groups/>
        </role>
        <role inherit="false" allowForAll="false" name="denyAuthors">
            <users/>
            <groups/>
        </role>
        <role inherit="false" allowForAll="false" name="denyAdministrators">
            <users/>
            <groups/>
        </role>
    </roleMap>
    <history>
        <historyInfo versionUuid="_a-0000ed2d-b2b7-8000-9c94-011c48011c48_359652"/>
    </history>
</contentHaul>
