<?xml version="1.0" encoding="UTF-8" standalone="yes"?>
<contentHaul xmlns:a="http://www.appian.com/ae/types/2009">
    <versionUuid>_a-0000ed2d-b2b7-8000-9c94-011c48011c48_360122</versionUuid>
    <rule>
        <name>OAS_dev_tool_get_all_synced_records</name>
        <uuid>_a-0000ed2d-b2b7-8000-9c94-011c48011c48_359439</uuid>
        <description>dev_tool_get_all_synced_records</description>
        <parentUuid>_a-0000ed2d-b2b7-8000-9c94-011c48011c48_359433</parentUuid>
        <visibility>
            <advertise>false</advertise>
            <hierarchy>true</hierarchy>
            <indexable>true</indexable>
            <quota>false</quota>
            <searchable>true</searchable>
            <system>false</system>
            <unlogged>false</unlogged>
        </visibility>
        <definition>a!localVariables(
  local!allRecords: #"_a-0000ed2d-b2b7-8000-9c94-011c48011c48_359451"(searchTerm: ri!abbreviation,
    types: {"record"}
  ).data.obj,
  local!syncedRecords: a!flatten(
    #"SYSTEM_SYSRULES_forEach"(
      items: local!allRecords,
      expression: a!localVariables(
        local!recordDefinition: recordTypeDefinitionReadDto_externalized_appian_internal(fv!item.uuid),
        local!isSynced: local!recordDefinition.isReplicaEnabled,
        if(local!isSynced, fv!item, {})
      )
    )
  ),
  #"_a-0000e2ad-62e7-8000-9ba2-011c48011c48_75720"(
    cdt: local!syncedRecords,
    field: "name",
    ascending: true
  )
)</definition>
        <namedTypedValue>
            <name>abbreviation</name>
            <type>
                <name>string</name>
                <namespace>http://www.w3.org/2001/XMLSchema</namespace>
            </type>
            <value/>
        </namedTypedValue>
        <preferredEditor>legacy</preferredEditor>
        <offlineEnabled>false</offlineEnabled>
    </rule>
    <roleMap public="true">
        <role inherit="true" allowForAll="false" name="readers">
            <users/>
            <groups/>
        </role>
        <role inherit="true" allowForAll="false" name="authors">
            <users/>
            <groups/>
        </role>
        <role inherit="true" allowForAll="false" name="administrators">
            <users/>
            <groups/>
        </role>
        <role inherit="false" allowForAll="false" name="denyReaders">
            <users/>
            <groups/>
        </role>
        <role inherit="false" allowForAll="false" name="denyAuthors">
            <users/>
            <groups/>
        </role>
        <role inherit="false" allowForAll="false" name="denyAdministrators">
            <users/>
            <groups/>
        </role>
    </roleMap>
    <history>
        <historyInfo versionUuid="_a-0000ed2d-b2b7-8000-9c94-011c48011c48_360122"/>
    </history>
</contentHaul>
