<?xml version="1.0" encoding="UTF-8" standalone="yes"?>
<contentHaul xmlns:a="http://www.appian.com/ae/types/2009">
    <versionUuid>_a-0000e447-933d-8000-9baa-011c48011c48_46281</versionUuid>
    <rulesFolder>
        <name>DEV_TOOLS_sail_folder</name>
        <uuid>_a-0000e2ee-bf3d-8000-90cd-01ef9001ef90_22291</uuid>
        <description></description>
        <parentUuid>SYSTEM_RULES_ROOT</parentUuid>
        <visibility>
            <advertise>false</advertise>
            <hierarchy>true</hierarchy>
            <indexable>true</indexable>
            <quota>false</quota>
            <searchable>true</searchable>
            <system>false</system>
            <unlogged>false</unlogged>
        </visibility>
    </rulesFolder>
    <roleMap public="true">
        <role inherit="false" allowForAll="false" name="readers">
            <users/>
            <groups/>
        </role>
        <role inherit="false" allowForAll="false" name="authors">
            <users/>
            <groups/>
        </role>
        <role inherit="false" allowForAll="false" name="administrators">
            <users/>
            <groups/>
        </role>
        <role inherit="false" allowForAll="false" name="denyReaders">
            <users/>
            <groups/>
        </role>
        <role inherit="false" allowForAll="false" name="denyAuthors">
            <users/>
            <groups/>
        </role>
        <role inherit="false" allowForAll="false" name="denyAdministrators">
            <users/>
            <groups/>
        </role>
    </roleMap>
    <history>
        <historyInfo versionUuid="_a-0000e2ee-bf3d-8000-90cd-01ef9001ef90_22295"/>
        <historyInfo versionUuid="_a-0000e329-3415-8000-9ba2-011c48011c48_396971"/>
        <historyInfo versionUuid="_a-0000e41f-4b71-8000-9bba-011c48011c48_329688"/>
        <historyInfo versionUuid="_a-0000e447-933d-8000-9baa-011c48011c48_27386"/>
        <historyInfo versionUuid="_a-0000e447-933d-8000-9baa-011c48011c48_46281"/>
    </history>
</contentHaul>
