<?xml version="1.0" encoding="UTF-8" standalone="yes"?>
<contentHaul xmlns:a="http://www.appian.com/ae/types/2009">
    <versionUuid>_a-0000ed49-63f5-8000-9c9a-011c48011c48_389267</versionUuid>
    <rulesFolder>
        <name>OAS_AS CO SAIL Design Objects</name>
        <uuid>_a-0000e2ad-62e7-8000-9ba2-011c48011c48_73105</uuid>
        <description>Top level folder for all Appian Solution Common Object Rules, Interfaces, Integrations, and Constants</description>
        <parentUuid>SYSTEM_RULES_ROOT</parentUuid>
        <visibility>
            <advertise>false</advertise>
            <hierarchy>true</hierarchy>
            <indexable>true</indexable>
            <quota>false</quota>
            <searchable>true</searchable>
            <system>false</system>
            <unlogged>false</unlogged>
        </visibility>
    </rulesFolder>
    <roleMap public="true">
        <role inherit="false" allowForAll="false" name="readers">
            <users/>
            <groups/>
        </role>
        <role inherit="false" allowForAll="false" name="authors">
            <users/>
            <groups/>
        </role>
        <role inherit="false" allowForAll="false" name="administrators">
            <users/>
            <groups>
                <groupUuid>_e-0000e2ad-62e7-8000-9aee-01075c01075c_85</groupUuid>
            </groups>
        </role>
        <role inherit="false" allowForAll="false" name="denyReaders">
            <users/>
            <groups/>
        </role>
        <role inherit="false" allowForAll="false" name="denyAuthors">
            <users/>
            <groups/>
        </role>
        <role inherit="false" allowForAll="false" name="denyAdministrators">
            <users/>
            <groups/>
        </role>
    </roleMap>
    <history>
        <historyInfo versionUuid="_a-0000e2ad-62e7-8000-9ba2-011c48011c48_73154"/>
        <historyInfo versionUuid="_a-0000e2ad-62e7-8000-9ba2-011c48011c48_75185"/>
        <historyInfo versionUuid="_a-0000e35c-7b7b-8000-9ba2-011c48011c48_44582"/>
        <historyInfo versionUuid="_a-0000e430-f270-8000-9bbc-011c48011c48_371160"/>
        <historyInfo versionUuid="_a-0000ed49-63f5-8000-9c9a-011c48011c48_389267"/>
    </history>
</contentHaul>
