<?xml version="1.0" encoding="UTF-8" standalone="yes"?>
<contentHaul xmlns:a="http://www.appian.com/ae/types/2009">
    <versionUuid>_a-0000ed49-63f5-8000-9c9a-011c48011c48_389252</versionUuid>
    <rule>
        <name>OAS_MNT_UT_IsFilterEmpty</name>
        <uuid>_a-0000e792-dcbb-8000-9bdc-011c48011c48_584171</uuid>
        <description></description>
        <parentUuid>_a-0000e5d4-2024-8000-9baf-011c48011c48_334397</parentUuid>
        <visibility>
            <advertise>false</advertise>
            <hierarchy>true</hierarchy>
            <indexable>true</indexable>
            <quota>false</quota>
            <searchable>true</searchable>
            <system>false</system>
            <unlogged>false</unlogged>
        </visibility>
        <definition>and(
  #"_a-0000e2ad-62e7-8000-9ba2-011c48011c48_73536"(ri!searchTerm),
  #"_a-0000e2ad-62e7-8000-9ba2-011c48011c48_73536"(ri!appIds),
  #"_a-0000e2ad-62e7-8000-9ba2-011c48011c48_73536"(ri!types),
  #"_a-0000e2ad-62e7-8000-9ba2-011c48011c48_73536"(ri!objIds),
  ri!getApplications &lt;&gt; true
)</definition>
        <namedTypedValue>
            <name>searchTerm</name>
            <type>
                <name>string</name>
                <namespace>http://www.w3.org/2001/XMLSchema</namespace>
            </type>
            <value/>
        </namedTypedValue>
        <namedTypedValue>
            <name>appIds</name>
            <type>
                <name>Application?list</name>
                <namespace>http://www.appian.com/ae/types/2009</namespace>
            </type>
        </namedTypedValue>
        <namedTypedValue>
            <name>types</name>
            <type>
                <name>Text?list</name>
                <namespace>http://www.appian.com/ae/types/2009</namespace>
            </type>
        </namedTypedValue>
        <namedTypedValue>
            <name>objIds</name>
            <type>
                <name>Variant</name>
                <namespace>http://www.appian.com/ae/types/2009</namespace>
            </type>
        </namedTypedValue>
        <namedTypedValue>
            <name>getApplications</name>
            <type>
                <name>boolean</name>
                <namespace>http://www.w3.org/2001/XMLSchema</namespace>
            </type>
        </namedTypedValue>
        <preferredEditor>legacy</preferredEditor>
        <offlineEnabled>false</offlineEnabled>
    </rule>
    <roleMap public="true">
        <role inherit="true" allowForAll="false" name="readers">
            <users/>
            <groups/>
        </role>
        <role inherit="true" allowForAll="false" name="authors">
            <users/>
            <groups/>
        </role>
        <role inherit="true" allowForAll="false" name="administrators">
            <users/>
            <groups/>
        </role>
        <role inherit="false" allowForAll="false" name="denyReaders">
            <users/>
            <groups/>
        </role>
        <role inherit="false" allowForAll="false" name="denyAuthors">
            <users/>
            <groups/>
        </role>
        <role inherit="false" allowForAll="false" name="denyAdministrators">
            <users/>
            <groups/>
        </role>
    </roleMap>
    <history>
        <historyInfo versionUuid="_a-0000e792-dcbb-8000-9bdc-011c48011c48_584255"/>
        <historyInfo versionUuid="_a-0000e9dc-ab93-8000-9bc2-011c48011c48_187059"/>
        <historyInfo versionUuid="_a-0000ed49-63f5-8000-9c9a-011c48011c48_389252"/>
    </history>
</contentHaul>
