<?xml version="1.0" encoding="UTF-8" standalone="yes"?>
<contentHaul xmlns:a="http://www.appian.com/ae/types/2009">
    <versionUuid>_a-0000ed49-63f5-8000-9c9a-011c48011c48_378111</versionUuid>
    <interface>
        <name>OAS_OWL_dev_tool_sync_all_records_ui</name>
        <uuid>_a-0000ed36-ed5b-8000-9c96-011c48011c48_363342</uuid>
        <description></description>
        <parentUuid>SYSTEM_RULE_FOLDER_QUICK_APPS</parentUuid>
        <visibility>
            <advertise>false</advertise>
            <hierarchy>true</hierarchy>
            <indexable>true</indexable>
            <quota>false</quota>
            <searchable>true</searchable>
            <system>false</system>
            <unlogged>false</unlogged>
        </visibility>
        <definition>a!localVariables(
  local!rt_name: ri!Record_Type_Constant_Name,
  local!sp_name: ri!Stored_Procedure_Constant_Name,
  local!is_deleted: false,
  local!syncedRecords: if(
    a!isNotNullOrEmpty(ri!Record_Type_Constant_Name),
    #"SYSTEM_SYSRULES_forEach"(
      items: getconstantvaluebyname(ri!Record_Type_Constant_Name),
      expression: #"_a-0000ed2d-b2b7-8000-9c94-011c48011c48_359439"(abbreviation: fv!item)
    ),
    null
  ),
  {
    #"SYSTEM_SYSRULES_richTextDisplayField"(
      labelPosition: "COLLAPSED",
      value: {
        #"SYSTEM_SYSRULES_richTextItem_v1"(
          text: {
            #"SYSTEM_SYSRULES_richTextIcon"(icon: "Database"),
            " Delete &amp; Sync Records"
          },
          size: "LARGE_PLUS"
        )
      }
    ),
    #"SYSTEM_SYSRULES_textField"(
      label: "Stored Procedure Constant Name",
      value: ri!Stored_Procedure_Constant_Name,
      saveInto: ri!Stored_Procedure_Constant_Name,
      refreshAfter: "UNFOCUS"
    ),
    #"SYSTEM_SYSRULES_textField"(
      label: "Record type Constant Name",
      value: ri!Record_Type_Constant_Name,
      saveInto: ri!Record_Type_Constant_Name,
      refreshAfter: "UNFOCUS"
    ),
    #"SYSTEM_SYSRULES_ButtonArrayLayout"(
      align: "START",
      buttons: {
        #"SYSTEM_SYSRULES_buttonWidget_v1"(
          label: "Delete Records",
          loadingIndicator: true(),
          color: "NEGATIVE",
          disabled: if(
            a!isNullOrEmpty(local!sp_name),
            true,
            false
          ),
          saveInto: #"SYSTEM_SYSRULES_startProcess3"(
            processModel: #"_a-0000ed2d-b2b7-8000-9c94-011c48011c48_360144",
            isSynchronous: true,
            processParameters: {
              StoredProcedureName: getconstantvaluebyname(local!sp_name)
            },
            onSuccess: a!save(
              local!is_deleted,
              fv!processInfo.pv.success
            )
          )
        ),
        #"SYSTEM_SYSRULES_buttonWidget_v1"(
          label: "Sync all",
          loadingIndicator: true,
          style: "SOLID",
          disabled: if(
            a!isNullOrEmpty(ri!Record_Type_Constant_Name),
            true,
            false
          ),
          saveInto: {
            /*Need to perform the following action for each record in the list, but cannot use foreach*/
            /*a!externalReaction(*/
            /*"record.replica.refresh",*/
            /*local!syncedRecords[1].uuid*/
            /*),*/
            eval(
              concat(
                "a!assystem_appian_internal({",
                joinarray(
                  #"SYSTEM_SYSRULES_forEach"(
                    items: local!syncedRecords.uuid,
                    expression: concat(
                      "a!externalReaction(""record.replica.refresh"",""",
                      fv!item,
                      """)"
                    )
                  ),
                  " ,"
                ),
                "})"
              )
            )
          }
        )
      }
    ),
    #"SYSTEM_SYSRULES_richTextDisplayField"(
      label: "Synced records",
      value: #"SYSTEM_SYSRULES_forEach"(
        items: local!syncedRecords,
        expression: {
          #"_a-0000e447-933d-8000-9baa-011c48011c48_69535"(
            object: fv!item,
            includeExternalLink: true
          ),
          char(10)
        }
      )
    ),#"SYSTEM_SYSRULES_richTextDisplayField"(
      align: "CENTER",
      value: "Deletion Successful!!",
      showWhen: local!is_deleted
      

    )
    
  }
)</definition>
        <namedTypedValue>
            <name>Record_Type_Constant_Name</name>
            <type>
                <name>string</name>
                <namespace>http://www.w3.org/2001/XMLSchema</namespace>
            </type>
            <value/>
        </namedTypedValue>
        <namedTypedValue>
            <name>Stored_Procedure_Constant_Name</name>
            <type>
                <name>string</name>
                <namespace>http://www.w3.org/2001/XMLSchema</namespace>
            </type>
            <value/>
        </namedTypedValue>
        <preferredEditor>interface</preferredEditor>
        <offlineEnabled>false</offlineEnabled>
        <isCustom>false</isCustom>
    </interface>
    <roleMap public="true">
        <role inherit="true" allowForAll="false" name="readers">
            <users/>
            <groups/>
        </role>
        <role inherit="true" allowForAll="false" name="authors">
            <users/>
            <groups/>
        </role>
        <role inherit="true" allowForAll="false" name="administrators">
            <users/>
            <groups/>
        </role>
        <role inherit="false" allowForAll="false" name="denyReaders">
            <users/>
            <groups/>
        </role>
        <role inherit="false" allowForAll="false" name="denyAuthors">
            <users/>
            <groups/>
        </role>
        <role inherit="false" allowForAll="false" name="denyAdministrators">
            <users/>
            <groups/>
        </role>
    </roleMap>
    <typedValue>
        <type>
            <name>RuleTestConfig?list</name>
            <namespace>http://www.appian.com/ae/types/2009</namespace>
        </type>
        <value>
            <el>
                <a:name/>
                <a:ruleInputTestConfigs>
                    <a:value xmlns:xsd="http://www.w3.org/2001/XMLSchema" xmlns:xsi="http://www.w3.org/2001/XMLSchema-instance" xsi:type="xsd:string">OAS_ACR_Records</a:value>
                    <a:nameRef>Record_Type_Constant_Name</a:nameRef>
                    <a:id>1</a:id>
                </a:ruleInputTestConfigs>
                <a:ruleInputTestConfigs>
                    <a:value xmlns:xsd="http://www.w3.org/2001/XMLSchema" xmlns:xsi="http://www.w3.org/2001/XMLSchema-instance" xsi:type="xsd:string">OAS_OWL_Delete_ACR_Tables</a:value>
                    <a:nameRef>Stored_Procedure_Constant_Name</a:nameRef>
                    <a:id>2</a:id>
                </a:ruleInputTestConfigs>
                <a:assertions xmlns:xsi="http://www.w3.org/2001/XMLSchema-instance" xsi:nil="true"/>
            </el>
        </value>
    </typedValue>
    <history>
        <historyInfo versionUuid="_a-0000ed36-ed5b-8000-9c96-011c48011c48_365051"/>
        <historyInfo versionUuid="_a-0000ed49-63f5-8000-9c9a-011c48011c48_378111"/>
    </history>
</contentHaul>
