<?xml version="1.0" encoding="UTF-8" standalone="yes"?>
<contentHaul xmlns:a="http://www.appian.com/ae/types/2009">
    <versionUuid>_a-0000ed49-63f5-8000-9c9a-011c48011c48_389253</versionUuid>
    <rule>
        <name>OAS_MNT_ENUM_OBJECT_TYPE_FILTERS</name>
        <uuid>_a-0000e5d4-2024-8000-9baf-011c48011c48_376818</uuid>
        <description></description>
        <parentUuid>_a-0000e5d4-2024-8000-9baf-011c48011c48_334397</parentUuid>
        <visibility>
            <advertise>false</advertise>
            <hierarchy>true</hierarchy>
            <indexable>true</indexable>
            <quota>false</quota>
            <searchable>true</searchable>
            <system>false</system>
            <unlogged>false</unlogged>
        </visibility>
        <definition>{
  /*a!map(*/
  /*key: "APP",*/
  /*name: "Application",*/
  /*types: {*/
  /*'type!{http://www.appian.com/ae/types/2009}Application'*/
  /*},*/
  /*shortType: "application"*/
  /*),*/
  a!map(
    key: "CS",
    name: "Connected System",
    useForReferences: true,
    supportsVersioning: true,
    types: {
      'type!{http://www.appian.com/ae/types/2009}ConnectedSystem'
    },
    shortType: "connectedSystem"
  ),
  a!map(
    key: "CONS",
    name: "Constant",
    useForReferences: true,
    supportsVersioning: true,
    types: {
      'type!{http://www.appian.com/ae/types/2009}Constant'
    },
    shortType: "constant"
  ),
  a!map(
    key: "DS",
    name: "Data Store",
    useForReferences: true,
    supportsVersioning: true,
    types: {
      'type!{http://www.appian.com/ae/types/2009}DataStore'
    },
    shortType: "datastore"
  ),
  a!map(
    key: "CDT",
    name: "Data Type",
    useForReferences: true,
    supportsVersioning: false,
    types: {
      'type!{http://www.appian.com/ae/types/2009}Datatype'
    },
    shortType: "datatype"
  ),
  a!map(
    key: "DEC",
    name: "Decision",
    useForReferences: true,
    supportsVersioning: true,
    types: {
      'type!{http://www.appian.com/ae/types/2009}Decision'
    },
    shortType: "decision"
  ),
  a!map(
    key: "DOC",
    name: "Document",
    useForReferences: true,
    supportsVersioning: true,
    types: {
      'type!{http://www.appian.com/ae/types/2009}CollaborationDocument'
    },
    shortType: "document"
  ),
  a!map(
    key: "ER",
    name: "Expression Rule",
    useForReferences: true,
    supportsVersioning: true,
    types: {
      'type!{http://www.appian.com/ae/types/2009}ContentFreeformRule'
    },
    shortType: "rule"
  ),
  /*a!map(*/
  /*key: "FEED",*/
  /*name: "Feed",*/
  /*types: {*/
  /*'type!{http://www.appian.com/ae/types/2009}TempoFeed'*/
  /*},*/
  /*shortType: "feed"*/
  /*),*/
  a!map(
    key: "FLD",
    name: "Folder",
    useForReferences: false,
    supportsVersioning: false,
    types: {
      'type!{http://www.appian.com/ae/types/2009}Folder',
      'type!{http://www.appian.com/ae/types/2009}KnowledgeCenter',
      'type!{http://www.appian.com/ae/types/2009}ProcessModelFolder',
      'type!{http://www.appian.com/ae/types/2009}RuleFolder'
    },
    shortType: "folder"
  ),
  a!map(
    key: "GRP",
    name: "Group",
    useForReferences: true,
    supportsVersioning: false,
    types: {
      'type!{http://www.appian.com/ae/types/2009}Group',
      'type!{http://www.appian.com/ae/types/2009}GroupType'
    },
    shortType: "group"
  ),
  a!map(
    key: "INTG",
    name: "Integration",
    useForReferences: true,
    supportsVersioning: true,
    types: {
      'type!{http://www.appian.com/ae/types/2009}OutboundIntegration'
    },
    shortType: "outboundIntegration"
  ),
  a!map(
    key: "INTF",
    name: "Interface",
    useForReferences: true,
    supportsVersioning: true,
    types: {
      'type!{http://www.appian.com/ae/types/2009}Interface'
    },
    shortType: "interface"
  ),
  a!map(
    key: "PM",
    name: "Process Model",
    useForReferences: true,
    supportsVersioning: false,
    types: {
      'type!{http://www.appian.com/ae/types/2009}ProcessModel'
    },
    shortType: "process"
  ),
  a!map(
    key: "PORT",
    name: "Portal",
    useForReferences: true,
    supportsVersioning: false,
    types: {
      'type!{http://www.appian.com/ae/types/2009}Portal'
    },
    shortType: "site"
  ),
  /*a!map(*/
  /*key: "QR",*/
  /*name: "Query Rule",*/
  /*types: {*/
  /*'type!{http://www.appian.com/ae/types/2009}QueryRule'*/
  /*},*/
  /*shortType: "queryrule"*/
  /*),*/
  a!map(
    key: "RT",
    name: "Record Type",
    useForReferences: true,
    supportsVersioning: false,
    types: {
      'type!{http://www.appian.com/ae/types/2009}RecordTypeId'
    },
    shortType: "record"
  ),
  a!map(
    key: "RPT",
    name: "Report",
    useForReferences: true,
    supportsVersioning: false,
    types: {
      'type!{http://www.appian.com/ae/types/2009}TaskReport',
      'type!{http://www.appian.com/ae/types/2009}TempoReport'
    },
    shortType: "report"
  ),
  a!map(
    key: "SITE",
    name: "Site",
    useForReferences: true,
    supportsVersioning: false,
    types: {
      'type!{http://www.appian.com/ae/types/2009}SiteDesignObject'
    },
    shortType: "site"
  ),
  a!map(
    key: "WAPI",
    name: "Web API",
    useForReferences: true,
    supportsVersioning: false,
    types: {
      'type!{http://www.appian.com/ae/types/2009}WebApiEndpointDesignObject'
    },
    shortType: "webApi"
  )
}</definition>
        <preferredEditor>legacy</preferredEditor>
        <offlineEnabled>false</offlineEnabled>
    </rule>
    <roleMap public="true">
        <role inherit="true" allowForAll="false" name="readers">
            <users/>
            <groups/>
        </role>
        <role inherit="true" allowForAll="false" name="authors">
            <users/>
            <groups/>
        </role>
        <role inherit="true" allowForAll="false" name="administrators">
            <users/>
            <groups/>
        </role>
        <role inherit="false" allowForAll="false" name="denyReaders">
            <users/>
            <groups/>
        </role>
        <role inherit="false" allowForAll="false" name="denyAuthors">
            <users/>
            <groups/>
        </role>
        <role inherit="false" allowForAll="false" name="denyAdministrators">
            <users/>
            <groups/>
        </role>
    </roleMap>
    <history>
        <historyInfo versionUuid="_a-0000e5d4-2024-8000-9baf-011c48011c48_376836"/>
        <historyInfo versionUuid="_a-0000e5d4-2024-8000-9baf-011c48011c48_385767"/>
        <historyInfo versionUuid="_a-0000e60f-ab56-8000-9bb2-011c48011c48_388454"/>
        <historyInfo versionUuid="_a-0000e60f-ab56-8000-9bb2-011c48011c48_389436"/>
        <historyInfo versionUuid="_a-0000e60f-ab56-8000-9bb2-011c48011c48_389589"/>
        <historyInfo versionUuid="_a-0000e792-dcbb-8000-9bdc-011c48011c48_584125"/>
        <historyInfo versionUuid="_a-0000e792-dcbb-8000-9bdc-011c48011c48_610019"/>
        <historyInfo versionUuid="_a-0000e792-dcbb-8000-9bdc-011c48011c48_610894"/>
        <historyInfo versionUuid="_a-0000ea02-40c7-8000-9c3a-011c48011c48_1021314"/>
        <historyInfo versionUuid="_a-0000ed49-63f5-8000-9c9a-011c48011c48_389253"/>
    </history>
</contentHaul>
