<?xml version="1.0" encoding="UTF-8" standalone="yes"?>
<contentHaul xmlns:a="http://www.appian.com/ae/types/2009">
    <versionUuid>_a-0000ed2d-b2b7-8000-9c94-011c48011c48_360242</versionUuid>
    <interface>
        <name>OAS_OWL_Create_Case_Task_Task_dev_tool_sync_all_records_ui</name>
        <uuid>_a-0000ed2d-b2b7-8000-9c94-011c48011c48_359710</uuid>
        <description></description>
        <parentUuid>SYSTEM_RULE_FOLDER_QUICK_APPS</parentUuid>
        <visibility>
            <advertise>false</advertise>
            <hierarchy>true</hierarchy>
            <indexable>true</indexable>
            <quota>false</quota>
            <searchable>true</searchable>
            <system>false</system>
            <unlogged>false</unlogged>
        </visibility>
        <definition>a!localVariables(
  local!syncedRecords: #"SYSTEM_SYSRULES_forEach"(items:#"_a-0000ed2d-b2b7-8000-9c94-011c48011c48_359697",expression: #"_a-0000ed2d-b2b7-8000-9c94-011c48011c48_359439"(abbreviation: fv!item)),
  {
    #"SYSTEM_SYSRULES_ButtonArrayLayout"(
      align: "START",
      buttons: {
        #"SYSTEM_SYSRULES_buttonWidget_v1"(
          label: "Delete Records",
          color: "NEGATIVE",
          saveInto: #"SYSTEM_SYSRULES_startProcess3"(
            processModel: #"_a-0000ed2d-b2b7-8000-9c94-011c48011c48_360144",
            processParameters: {StoredProcedureName: #"_a-0000ed2d-b2b7-8000-9c94-011c48011c48_360138"}
          )
        ),
        #"SYSTEM_SYSRULES_ButtonWidget"(
          label: "Sync all",
          saveInto: {
            /*Need to perform the following action for each record in the list, but cannot use foreach*/
            /*a!externalReaction(*/
            /*"record.replica.refresh",*/
            /*local!syncedRecords[1].uuid*/
            /*),*/
            eval(
              concat(
                "a!assystem_appian_internal({",
                joinarray(
                  #"SYSTEM_SYSRULES_forEach"(
                    items: local!syncedRecords.uuid,
                    expression: concat(
                      "a!externalReaction(""record.replica.refresh"",""",
                      fv!item,
                      """)"
                    )
                  ),
                  " ,"
                ),
                "})"
              )
            )
          }
        )
      }
    ),
    #"SYSTEM_SYSRULES_richTextDisplayField"(
      label: "Synced records",
      value: #"SYSTEM_SYSRULES_forEach"(
        items: local!syncedRecords,
        expression: {
          #"_a-0000e447-933d-8000-9baa-011c48011c48_69535"(
            object: fv!item,
            includeExternalLink: true
          ),
          char(10)
        }
      )
    )
  }
)</definition>
        <preferredEditor>interface</preferredEditor>
        <offlineEnabled>false</offlineEnabled>
        <isCustom>false</isCustom>
    </interface>
    <roleMap public="true">
        <role inherit="true" allowForAll="false" name="readers">
            <users/>
            <groups/>
        </role>
        <role inherit="true" allowForAll="false" name="authors">
            <users/>
            <groups/>
        </role>
        <role inherit="true" allowForAll="false" name="administrators">
            <users/>
            <groups/>
        </role>
        <role inherit="false" allowForAll="false" name="denyReaders">
            <users/>
            <groups/>
        </role>
        <role inherit="false" allowForAll="false" name="denyAuthors">
            <users/>
            <groups/>
        </role>
        <role inherit="false" allowForAll="false" name="denyAdministrators">
            <users/>
            <groups/>
        </role>
    </roleMap>
    <history>
        <historyInfo versionUuid="_a-0000ed2d-b2b7-8000-9c94-011c48011c48_360242"/>
    </history>
</contentHaul>
