<?xml version="1.0" encoding="UTF-8" standalone="yes"?>
<contentHaul xmlns:a="http://www.appian.com/ae/types/2009">
    <versionUuid>_a-0000ed49-63f5-8000-9c9a-011c48011c48_389254</versionUuid>
    <rule>
        <name>OAS_AS_CO_UT_returnCdtIndicesByField</name>
        <uuid>_a-0000e40a-de32-8000-9ba8-011c48011c48_269546</uuid>
        <description>Returns the indices of a CDT by a matching a single value or list of values in a single field, if a list is passed, all matches are returned</description>
        <parentUuid>_a-0000e2ad-62e7-8000-9ba2-011c48011c48_73105</parentUuid>
        <visibility>
            <advertise>false</advertise>
            <hierarchy>true</hierarchy>
            <indexable>true</indexable>
            <quota>false</quota>
            <searchable>true</searchable>
            <system>false</system>
            <unlogged>false</unlogged>
        </visibility>
        <definition>cast(
  'type!{http://www.appian.com/ae/types/2009}Integer?list',
  #"_a-0000e40a-de32-8000-9ba8-011c48011c48_272151"(
    values: ri!value,
    array: #"_a-0000e2ad-62e7-8000-9ba2-011c48011c48_76433"(
      cdt: a!flatten(ri!cdt),
      field: ri!field,
      indexDefault: null
    )
  )
)</definition>
        <namedTypedValue>
            <name>cdt</name>
            <type>
                <name>Variant</name>
                <namespace>http://www.appian.com/ae/types/2009</namespace>
            </type>
        </namedTypedValue>
        <namedTypedValue>
            <name>field</name>
            <type>
                <name>string</name>
                <namespace>http://www.w3.org/2001/XMLSchema</namespace>
            </type>
            <value/>
        </namedTypedValue>
        <namedTypedValue>
            <name>value</name>
            <type>
                <name>Variant</name>
                <namespace>http://www.appian.com/ae/types/2009</namespace>
            </type>
        </namedTypedValue>
        <preferredEditor>legacy</preferredEditor>
        <offlineEnabled>false</offlineEnabled>
    </rule>
    <roleMap public="true">
        <role inherit="true" allowForAll="false" name="readers">
            <users/>
            <groups/>
        </role>
        <role inherit="true" allowForAll="false" name="authors">
            <users/>
            <groups/>
        </role>
        <role inherit="true" allowForAll="false" name="administrators">
            <users/>
            <groups/>
        </role>
        <role inherit="false" allowForAll="false" name="denyReaders">
            <users/>
            <groups/>
        </role>
        <role inherit="false" allowForAll="false" name="denyAuthors">
            <users/>
            <groups/>
        </role>
        <role inherit="false" allowForAll="false" name="denyAdministrators">
            <users/>
            <groups/>
        </role>
    </roleMap>
    <typedValue>
        <type>
            <name>RuleTestConfig?list</name>
            <namespace>http://www.appian.com/ae/types/2009</namespace>
        </type>
        <value>
            <el>
                <a:name>Non-Nested CDT</a:name>
                <a:ruleInputTestConfigs>
                    <a:value xmlns:xsi="http://www.w3.org/2001/XMLSchema-instance" xsi:type="a:Expression">{
  {a: 1},
  {a: 2},
  {a: 3}
}</a:value>
                    <a:nameRef>cdt</a:nameRef>
                    <a:id>1</a:id>
                </a:ruleInputTestConfigs>
                <a:ruleInputTestConfigs>
                    <a:value xmlns:xsi="http://www.w3.org/2001/XMLSchema-instance" xsi:type="a:Expression">"a"</a:value>
                    <a:nameRef>field</a:nameRef>
                    <a:id>2</a:id>
                </a:ruleInputTestConfigs>
                <a:ruleInputTestConfigs>
                    <a:value xmlns:xsi="http://www.w3.org/2001/XMLSchema-instance" xsi:type="a:Expression">2</a:value>
                    <a:nameRef>value</a:nameRef>
                    <a:id>3</a:id>
                </a:ruleInputTestConfigs>
                <a:assertions>
                    <a:expectedOutput>
                        <a:type a:uuid="{http://www.appian.com/ae/types/2009}Integer?list"/>
                        <a:runtimeType a:uuid="{http://www.appian.com/ae/types/2009}Integer?list"/>
                        <a:value xmlns:xsi="http://www.w3.org/2001/XMLSchema-instance" xsi:type="a:Expression">{2}</a:value>
                    </a:expectedOutput>
                </a:assertions>
            </el>
            <el>
                <a:name>Nested CDT</a:name>
                <a:ruleInputTestConfigs>
                    <a:value xmlns:xsi="http://www.w3.org/2001/XMLSchema-instance" xsi:type="a:Expression">{
  {a: {b: 1}},
  {a: {b: 2}},
  {a: {b: 3}},
}</a:value>
                    <a:nameRef>cdt</a:nameRef>
                    <a:id>1</a:id>
                </a:ruleInputTestConfigs>
                <a:ruleInputTestConfigs>
                    <a:value xmlns:xsi="http://www.w3.org/2001/XMLSchema-instance" xsi:type="a:Expression">"a.b"</a:value>
                    <a:nameRef>field</a:nameRef>
                    <a:id>2</a:id>
                </a:ruleInputTestConfigs>
                <a:ruleInputTestConfigs>
                    <a:value xmlns:xsi="http://www.w3.org/2001/XMLSchema-instance" xsi:type="a:Expression">2</a:value>
                    <a:nameRef>value</a:nameRef>
                    <a:id>3</a:id>
                </a:ruleInputTestConfigs>
                <a:assertions>
                    <a:expectedOutput>
                        <a:type a:uuid="{http://www.appian.com/ae/types/2009}Integer?list"/>
                        <a:runtimeType a:uuid="{http://www.appian.com/ae/types/2009}Integer?list"/>
                        <a:value xmlns:xsi="http://www.w3.org/2001/XMLSchema-instance" xsi:type="a:Expression">{2}</a:value>
                    </a:expectedOutput>
                </a:assertions>
            </el>
            <el>
                <a:name>Non-Nested CDT, Array Filter</a:name>
                <a:ruleInputTestConfigs>
                    <a:value xmlns:xsi="http://www.w3.org/2001/XMLSchema-instance" xsi:type="a:Expression">{
  {a: 1},
  {a: 2},
  {a: 3}
}</a:value>
                    <a:nameRef>cdt</a:nameRef>
                    <a:id>1</a:id>
                </a:ruleInputTestConfigs>
                <a:ruleInputTestConfigs>
                    <a:value xmlns:xsi="http://www.w3.org/2001/XMLSchema-instance" xsi:type="a:Expression">"a"</a:value>
                    <a:nameRef>field</a:nameRef>
                    <a:id>2</a:id>
                </a:ruleInputTestConfigs>
                <a:ruleInputTestConfigs>
                    <a:value xmlns:xsi="http://www.w3.org/2001/XMLSchema-instance" xsi:type="a:Expression">{1, 2}</a:value>
                    <a:nameRef>value</a:nameRef>
                    <a:id>3</a:id>
                </a:ruleInputTestConfigs>
                <a:assertions>
                    <a:expectedOutput>
                        <a:type a:uuid="{http://www.appian.com/ae/types/2009}Integer?list"/>
                        <a:runtimeType a:uuid="{http://www.appian.com/ae/types/2009}Integer?list"/>
                        <a:value xmlns:xsi="http://www.w3.org/2001/XMLSchema-instance" xsi:type="a:Expression">{1, 2}</a:value>
                    </a:expectedOutput>
                </a:assertions>
            </el>
            <el>
                <a:name>Nested CDT, Array Filter</a:name>
                <a:ruleInputTestConfigs>
                    <a:value xmlns:xsi="http://www.w3.org/2001/XMLSchema-instance" xsi:type="a:Expression">{
  {a: {b: 1}},
  {a: {b: 2}},
  {a: {b: 3}},
}</a:value>
                    <a:nameRef>cdt</a:nameRef>
                    <a:id>1</a:id>
                </a:ruleInputTestConfigs>
                <a:ruleInputTestConfigs>
                    <a:value xmlns:xsi="http://www.w3.org/2001/XMLSchema-instance" xsi:type="a:Expression">"a.b"</a:value>
                    <a:nameRef>field</a:nameRef>
                    <a:id>2</a:id>
                </a:ruleInputTestConfigs>
                <a:ruleInputTestConfigs>
                    <a:value xmlns:xsi="http://www.w3.org/2001/XMLSchema-instance" xsi:type="a:Expression">{1, 2}</a:value>
                    <a:nameRef>value</a:nameRef>
                    <a:id>3</a:id>
                </a:ruleInputTestConfigs>
                <a:assertions>
                    <a:expectedOutput>
                        <a:type a:uuid="{http://www.appian.com/ae/types/2009}Integer?list"/>
                        <a:runtimeType a:uuid="{http://www.appian.com/ae/types/2009}Integer?list"/>
                        <a:value xmlns:xsi="http://www.w3.org/2001/XMLSchema-instance" xsi:type="a:Expression">{1, 2}</a:value>
                    </a:expectedOutput>
                </a:assertions>
            </el>
            <el>
                <a:name>Non-Nested CDT, Null Filter</a:name>
                <a:ruleInputTestConfigs>
                    <a:value xmlns:xsi="http://www.w3.org/2001/XMLSchema-instance" xsi:type="a:Expression">{
  {a: 1},
  {a: 2},
  {a: 3},
  {a: null},
}</a:value>
                    <a:nameRef>cdt</a:nameRef>
                    <a:id>1</a:id>
                </a:ruleInputTestConfigs>
                <a:ruleInputTestConfigs>
                    <a:value xmlns:xsi="http://www.w3.org/2001/XMLSchema-instance" xsi:type="a:Expression">"a"</a:value>
                    <a:nameRef>field</a:nameRef>
                    <a:id>2</a:id>
                </a:ruleInputTestConfigs>
                <a:ruleInputTestConfigs>
                    <a:value xmlns:xsi="http://www.w3.org/2001/XMLSchema-instance" xsi:type="a:Expression">null</a:value>
                    <a:nameRef>value</a:nameRef>
                    <a:id>3</a:id>
                </a:ruleInputTestConfigs>
                <a:assertions>
                    <a:expectedOutput>
                        <a:type a:uuid="{http://www.appian.com/ae/types/2009}Integer?list"/>
                        <a:runtimeType a:uuid="{http://www.appian.com/ae/types/2009}Integer?list"/>
                        <a:value xmlns:xsi="http://www.w3.org/2001/XMLSchema-instance" xsi:type="a:Expression">{4}</a:value>
                    </a:expectedOutput>
                </a:assertions>
            </el>
            <el>
                <a:name>Non-Nested CDT, Empty Filter</a:name>
                <a:ruleInputTestConfigs>
                    <a:value xmlns:xsi="http://www.w3.org/2001/XMLSchema-instance" xsi:type="a:Expression">{
  {a: 1},
  {a: 2},
  {a: 3},
  {a: null},
}</a:value>
                    <a:nameRef>cdt</a:nameRef>
                    <a:id>1</a:id>
                </a:ruleInputTestConfigs>
                <a:ruleInputTestConfigs>
                    <a:value xmlns:xsi="http://www.w3.org/2001/XMLSchema-instance" xsi:type="a:Expression">"a"</a:value>
                    <a:nameRef>field</a:nameRef>
                    <a:id>2</a:id>
                </a:ruleInputTestConfigs>
                <a:ruleInputTestConfigs>
                    <a:value xmlns:xsi="http://www.w3.org/2001/XMLSchema-instance" xsi:type="a:Expression">{}</a:value>
                    <a:nameRef>value</a:nameRef>
                    <a:id>3</a:id>
                </a:ruleInputTestConfigs>
                <a:assertions>
                    <a:expectedOutput>
                        <a:type a:uuid="{http://www.appian.com/ae/types/2009}Integer?list"/>
                        <a:runtimeType a:uuid="{http://www.appian.com/ae/types/2009}Integer?list"/>
                        <a:value xmlns:xsi="http://www.w3.org/2001/XMLSchema-instance" xsi:type="a:Expression">{}</a:value>
                    </a:expectedOutput>
                </a:assertions>
            </el>
            <el>
                <a:name>No Results</a:name>
                <a:ruleInputTestConfigs>
                    <a:value xmlns:xsi="http://www.w3.org/2001/XMLSchema-instance" xsi:type="a:Expression">{
  {a: 1, b: {c: 2}},
  {a: 3, b: {c: 4}},
  {a: 5, b: {c: 6}},
}</a:value>
                    <a:nameRef>cdt</a:nameRef>
                    <a:id>1</a:id>
                </a:ruleInputTestConfigs>
                <a:ruleInputTestConfigs>
                    <a:value xmlns:xsi="http://www.w3.org/2001/XMLSchema-instance" xsi:type="a:Expression">"a"</a:value>
                    <a:nameRef>field</a:nameRef>
                    <a:id>2</a:id>
                </a:ruleInputTestConfigs>
                <a:ruleInputTestConfigs>
                    <a:value xmlns:xsi="http://www.w3.org/2001/XMLSchema-instance" xsi:type="a:Expression">0</a:value>
                    <a:nameRef>value</a:nameRef>
                    <a:id>3</a:id>
                </a:ruleInputTestConfigs>
                <a:assertions>
                    <a:expectedOutput>
                        <a:type a:uuid="{http://www.appian.com/ae/types/2009}Integer?list"/>
                        <a:runtimeType a:uuid="{http://www.appian.com/ae/types/2009}Integer?list"/>
                        <a:value xmlns:xsi="http://www.w3.org/2001/XMLSchema-instance" xsi:type="a:Expression">{}</a:value>
                    </a:expectedOutput>
                </a:assertions>
            </el>
        </value>
    </typedValue>
    <history>
        <historyInfo versionUuid="_a-0000e40a-de32-8000-9ba8-011c48011c48_272175"/>
        <historyInfo versionUuid="_a-0000e430-f270-8000-9bbc-011c48011c48_372589"/>
        <historyInfo versionUuid="_a-0000e5d4-2024-8000-9baf-011c48011c48_339620"/>
        <historyInfo versionUuid="_a-0000ed49-63f5-8000-9c9a-011c48011c48_389254"/>
    </history>
</contentHaul>
