<?xml version="1.0" encoding="UTF-8" standalone="yes"?>
<contentHaul xmlns:a="http://www.appian.com/ae/types/2009">
    <versionUuid>_a-0000ed36-ed5b-8000-9c96-011c48011c48_363315</versionUuid>
    <constant>
        <name>OAS_Create_Case_Task_Record_Types</name>
        <uuid>_a-0000ed2d-b2b7-8000-9c94-011c48011c48_359697</uuid>
        <description>List of record types related to Create Case Task </description>
        <parentUuid>_a-0000ed36-ed5b-8000-9c96-011c48011c48_363305</parentUuid>
        <visibility>
            <advertise>false</advertise>
            <hierarchy>true</hierarchy>
            <indexable>true</indexable>
            <quota>false</quota>
            <searchable>true</searchable>
            <system>false</system>
            <unlogged>false</unlogged>
        </visibility>
        <typedValue>
            <type>
                <name>Text?list</name>
                <namespace>http://www.appian.com/ae/types/2009</namespace>
            </type>
            <value>
                <el>CMGT_WFL_CFG_CaseType</el>
                <el>CMGT_WFL_CFG_CreateCaseReferenceTask</el>
                <el>CMGT_WFL_CFG_ReferenceTask</el>
                <el>CMGT_Task</el>
            </value>
        </typedValue>
        <isEnvironmentSpecific>false</isEnvironmentSpecific>
    </constant>
    <roleMap public="true">
        <role inherit="true" allowForAll="false" name="readers">
            <users/>
            <groups/>
        </role>
        <role inherit="true" allowForAll="false" name="authors">
            <users/>
            <groups/>
        </role>
        <role inherit="true" allowForAll="false" name="administrators">
            <users/>
            <groups/>
        </role>
        <role inherit="false" allowForAll="false" name="denyReaders">
            <users/>
            <groups/>
        </role>
        <role inherit="false" allowForAll="false" name="denyAuthors">
            <users/>
            <groups/>
        </role>
        <role inherit="false" allowForAll="false" name="denyAdministrators">
            <users/>
            <groups/>
        </role>
    </roleMap>
    <history>
        <historyInfo versionUuid="_a-0000ed36-ed5b-8000-9c96-011c48011c48_363315"/>
    </history>
</contentHaul>
