<?xml version="1.0" encoding="UTF-8" standalone="yes"?>
<contentHaul xmlns:a="http://www.appian.com/ae/types/2009">
    <versionUuid>_a-0000ed49-63f5-8000-9c9a-011c48011c48_389289</versionUuid>
    <rule>
        <name>OAS_AS_CO_UT_isBlank</name>
        <uuid>_a-0000e2ad-62e7-8000-9ba2-011c48011c48_73536</uuid>
        <description>Evaluates if the provided value is empty/blank. Returns True or False.</description>
        <parentUuid>_a-0000e2ad-62e7-8000-9ba2-011c48011c48_73105</parentUuid>
        <visibility>
            <advertise>false</advertise>
            <hierarchy>true</hierarchy>
            <indexable>true</indexable>
            <quota>false</quota>
            <searchable>true</searchable>
            <system>false</system>
            <unlogged>false</unlogged>
        </visibility>
        <definition>cast(
  'type!{http://www.appian.com/ae/types/2009}Boolean',
  length(a!flatten(ri!value)) = 0
)</definition>
        <namedTypedValue>
            <name>value</name>
            <type>
                <name>Variant</name>
                <namespace>http://www.appian.com/ae/types/2009</namespace>
            </type>
        </namedTypedValue>
        <preferredEditor>legacy</preferredEditor>
        <offlineEnabled>false</offlineEnabled>
    </rule>
    <roleMap public="true">
        <role inherit="true" allowForAll="false" name="readers">
            <users/>
            <groups/>
        </role>
        <role inherit="true" allowForAll="false" name="authors">
            <users/>
            <groups/>
        </role>
        <role inherit="true" allowForAll="false" name="administrators">
            <users/>
            <groups/>
        </role>
        <role inherit="false" allowForAll="false" name="denyReaders">
            <users/>
            <groups/>
        </role>
        <role inherit="false" allowForAll="false" name="denyAuthors">
            <users/>
            <groups/>
        </role>
        <role inherit="false" allowForAll="false" name="denyAdministrators">
            <users/>
            <groups/>
        </role>
    </roleMap>
    <typedValue>
        <type>
            <name>RuleTestConfig?list</name>
            <namespace>http://www.appian.com/ae/types/2009</namespace>
        </type>
        <value>
            <el>
                <a:name>Empty String</a:name>
                <a:ruleInputTestConfigs>
                    <a:value xmlns:xsi="http://www.w3.org/2001/XMLSchema-instance" xsi:type="a:Expression">=""</a:value>
                    <a:nameRef>value</a:nameRef>
                    <a:id>1</a:id>
                </a:ruleInputTestConfigs>
                <a:assertions>
                    <a:expectedOutput>
                        <a:type a:uuid="{http://www.appian.com/ae/types/2009}Boolean"/>
                        <a:runtimeType a:uuid="{http://www.appian.com/ae/types/2009}Boolean"/>
                        <a:value xmlns:xsd="http://www.w3.org/2001/XMLSchema" xmlns:xsi="http://www.w3.org/2001/XMLSchema-instance" xsi:type="xsd:boolean">true</a:value>
                    </a:expectedOutput>
                </a:assertions>
            </el>
            <el>
                <a:name>Null Integer</a:name>
                <a:ruleInputTestConfigs>
                    <a:value xmlns:xsi="http://www.w3.org/2001/XMLSchema-instance" xsi:type="a:Expression">=tointeger(null)</a:value>
                    <a:nameRef>value</a:nameRef>
                    <a:id>1</a:id>
                </a:ruleInputTestConfigs>
                <a:assertions>
                    <a:expectedOutput>
                        <a:type a:uuid="{http://www.appian.com/ae/types/2009}Boolean"/>
                        <a:runtimeType a:uuid="{http://www.appian.com/ae/types/2009}Boolean"/>
                        <a:value xmlns:xsd="http://www.w3.org/2001/XMLSchema" xmlns:xsi="http://www.w3.org/2001/XMLSchema-instance" xsi:type="xsd:boolean">true</a:value>
                    </a:expectedOutput>
                </a:assertions>
            </el>
            <el>
                <a:name>Null</a:name>
                <a:ruleInputTestConfigs>
                    <a:value xmlns:xsi="http://www.w3.org/2001/XMLSchema-instance" xsi:type="a:Expression">null</a:value>
                    <a:nameRef>value</a:nameRef>
                    <a:id>1</a:id>
                </a:ruleInputTestConfigs>
                <a:assertions>
                    <a:expectedOutput>
                        <a:type a:uuid="{http://www.appian.com/ae/types/2009}Boolean"/>
                        <a:runtimeType a:uuid="{http://www.appian.com/ae/types/2009}Boolean"/>
                        <a:value xmlns:xsd="http://www.w3.org/2001/XMLSchema" xmlns:xsi="http://www.w3.org/2001/XMLSchema-instance" xsi:type="xsd:boolean">true</a:value>
                    </a:expectedOutput>
                </a:assertions>
            </el>
            <el>
                <a:name>Null Group</a:name>
                <a:ruleInputTestConfigs>
                    <a:value xmlns:xsi="http://www.w3.org/2001/XMLSchema-instance" xsi:type="a:Expression">=togroup(null)</a:value>
                    <a:nameRef>value</a:nameRef>
                    <a:id>1</a:id>
                </a:ruleInputTestConfigs>
                <a:assertions>
                    <a:expectedOutput>
                        <a:type a:uuid="{http://www.appian.com/ae/types/2009}Boolean"/>
                        <a:runtimeType a:uuid="{http://www.appian.com/ae/types/2009}Boolean"/>
                        <a:value xmlns:xsd="http://www.w3.org/2001/XMLSchema" xmlns:xsi="http://www.w3.org/2001/XMLSchema-instance" xsi:type="xsd:boolean">true</a:value>
                    </a:expectedOutput>
                </a:assertions>
            </el>
            <el>
                <a:name>String</a:name>
                <a:ruleInputTestConfigs>
                    <a:value xmlns:xsi="http://www.w3.org/2001/XMLSchema-instance" xsi:type="a:Expression">="cats"</a:value>
                    <a:nameRef>value</a:nameRef>
                    <a:id>1</a:id>
                </a:ruleInputTestConfigs>
                <a:assertions>
                    <a:expectedOutput>
                        <a:type a:uuid="{http://www.appian.com/ae/types/2009}Boolean"/>
                        <a:runtimeType a:uuid="{http://www.appian.com/ae/types/2009}Boolean"/>
                        <a:value xmlns:xsd="http://www.w3.org/2001/XMLSchema" xmlns:xsi="http://www.w3.org/2001/XMLSchema-instance" xsi:type="xsd:boolean">false</a:value>
                    </a:expectedOutput>
                </a:assertions>
            </el>
            <el>
                <a:name>Integer</a:name>
                <a:ruleInputTestConfigs>
                    <a:value xmlns:xsi="http://www.w3.org/2001/XMLSchema-instance" xsi:type="a:Expression">3</a:value>
                    <a:nameRef>value</a:nameRef>
                    <a:id>1</a:id>
                </a:ruleInputTestConfigs>
                <a:assertions>
                    <a:expectedOutput>
                        <a:type a:uuid="{http://www.appian.com/ae/types/2009}Boolean"/>
                        <a:runtimeType a:uuid="{http://www.appian.com/ae/types/2009}Boolean"/>
                        <a:value xmlns:xsd="http://www.w3.org/2001/XMLSchema" xmlns:xsi="http://www.w3.org/2001/XMLSchema-instance" xsi:type="xsd:boolean">false</a:value>
                    </a:expectedOutput>
                </a:assertions>
            </el>
            <el>
                <a:name>Empty Array</a:name>
                <a:ruleInputTestConfigs>
                    <a:value xmlns:xsi="http://www.w3.org/2001/XMLSchema-instance" xsi:type="a:Expression">={}</a:value>
                    <a:nameRef>value</a:nameRef>
                    <a:id>1</a:id>
                </a:ruleInputTestConfigs>
                <a:assertions>
                    <a:expectedOutput>
                        <a:type a:uuid="{http://www.appian.com/ae/types/2009}Boolean"/>
                        <a:runtimeType a:uuid="{http://www.appian.com/ae/types/2009}Boolean"/>
                        <a:value xmlns:xsd="http://www.w3.org/2001/XMLSchema" xmlns:xsi="http://www.w3.org/2001/XMLSchema-instance" xsi:type="xsd:boolean">true</a:value>
                    </a:expectedOutput>
                </a:assertions>
            </el>
            <el>
                <a:name>List of Lists</a:name>
                <a:ruleInputTestConfigs>
                    <a:value xmlns:xsi="http://www.w3.org/2001/XMLSchema-instance" xsi:type="a:Expression">={{}}</a:value>
                    <a:nameRef>value</a:nameRef>
                    <a:id>1</a:id>
                </a:ruleInputTestConfigs>
                <a:assertions>
                    <a:expectedOutput>
                        <a:type a:uuid="{http://www.appian.com/ae/types/2009}Boolean"/>
                        <a:runtimeType a:uuid="{http://www.appian.com/ae/types/2009}Boolean"/>
                        <a:value xmlns:xsd="http://www.w3.org/2001/XMLSchema" xmlns:xsi="http://www.w3.org/2001/XMLSchema-instance" xsi:type="xsd:boolean">true</a:value>
                    </a:expectedOutput>
                </a:assertions>
            </el>
            <el>
                <a:name>Empty Dictionary</a:name>
                <a:ruleInputTestConfigs>
                    <a:value xmlns:xsi="http://www.w3.org/2001/XMLSchema-instance" xsi:type="a:Expression">cast('type!{http://www.appian.com/ae/types/2009}Dictionary', null)</a:value>
                    <a:nameRef>value</a:nameRef>
                    <a:id>1</a:id>
                </a:ruleInputTestConfigs>
                <a:assertions>
                    <a:expectedOutput>
                        <a:type a:uuid="{http://www.appian.com/ae/types/2009}Boolean"/>
                        <a:runtimeType a:uuid="{http://www.appian.com/ae/types/2009}Boolean"/>
                        <a:value xmlns:xsd="http://www.w3.org/2001/XMLSchema" xmlns:xsi="http://www.w3.org/2001/XMLSchema-instance" xsi:type="xsd:boolean">true</a:value>
                    </a:expectedOutput>
                </a:assertions>
            </el>
            <el>
                <a:name>List of Empty Dictionary</a:name>
                <a:ruleInputTestConfigs>
                    <a:value xmlns:xsi="http://www.w3.org/2001/XMLSchema-instance" xsi:type="a:Expression">{
  cast('type!{http://www.appian.com/ae/types/2009}Dictionary', null),
  cast('type!{http://www.appian.com/ae/types/2009}Dictionary', null),
}</a:value>
                    <a:nameRef>value</a:nameRef>
                    <a:id>1</a:id>
                </a:ruleInputTestConfigs>
                <a:assertions>
                    <a:expectedOutput>
                        <a:type a:uuid="{http://www.appian.com/ae/types/2009}Boolean"/>
                        <a:runtimeType a:uuid="{http://www.appian.com/ae/types/2009}Boolean"/>
                        <a:value xmlns:xsd="http://www.w3.org/2001/XMLSchema" xmlns:xsi="http://www.w3.org/2001/XMLSchema-instance" xsi:type="xsd:boolean">true</a:value>
                    </a:expectedOutput>
                </a:assertions>
            </el>
            <el>
                <a:name>Empty Dictionary As Field</a:name>
                <a:ruleInputTestConfigs>
                    <a:value xmlns:xsi="http://www.w3.org/2001/XMLSchema-instance" xsi:type="a:Expression">{field1:{}}.field1</a:value>
                    <a:nameRef>value</a:nameRef>
                    <a:id>1</a:id>
                </a:ruleInputTestConfigs>
                <a:assertions>
                    <a:expectedOutput>
                        <a:type a:uuid="{http://www.appian.com/ae/types/2009}Boolean"/>
                        <a:runtimeType a:uuid="{http://www.appian.com/ae/types/2009}Boolean"/>
                        <a:value xmlns:xsd="http://www.w3.org/2001/XMLSchema" xmlns:xsi="http://www.w3.org/2001/XMLSchema-instance" xsi:type="xsd:boolean">true</a:value>
                    </a:expectedOutput>
                </a:assertions>
            </el>
            <el>
                <a:name>Empty String Array</a:name>
                <a:ruleInputTestConfigs>
                    <a:value xmlns:xsi="http://www.w3.org/2001/XMLSchema-instance" xsi:type="a:Expression">=cast(typeof({"a","b","c"}),{})</a:value>
                    <a:nameRef>value</a:nameRef>
                    <a:id>1</a:id>
                </a:ruleInputTestConfigs>
                <a:assertions>
                    <a:expectedOutput>
                        <a:type a:uuid="{http://www.appian.com/ae/types/2009}Boolean"/>
                        <a:runtimeType a:uuid="{http://www.appian.com/ae/types/2009}Boolean"/>
                        <a:value xmlns:xsd="http://www.w3.org/2001/XMLSchema" xmlns:xsi="http://www.w3.org/2001/XMLSchema-instance" xsi:type="xsd:boolean">true</a:value>
                    </a:expectedOutput>
                </a:assertions>
            </el>
            <el>
                <a:name>Array cast to Any Type with first value null</a:name>
                <a:ruleInputTestConfigs>
                    <a:value xmlns:xsi="http://www.w3.org/2001/XMLSchema-instance" xsi:type="a:Expression">cast(197, {null, 1, 2})</a:value>
                    <a:nameRef>value</a:nameRef>
                    <a:id>1</a:id>
                </a:ruleInputTestConfigs>
                <a:assertions>
                    <a:expectedOutput>
                        <a:type a:uuid="{http://www.appian.com/ae/types/2009}Boolean"/>
                        <a:runtimeType a:uuid="{http://www.appian.com/ae/types/2009}Boolean"/>
                        <a:value xmlns:xsd="http://www.w3.org/2001/XMLSchema" xmlns:xsi="http://www.w3.org/2001/XMLSchema-instance" xsi:type="xsd:boolean">false</a:value>
                    </a:expectedOutput>
                </a:assertions>
            </el>
            <el>
                <a:name>Array of Null</a:name>
                <a:ruleInputTestConfigs>
                    <a:value xmlns:xsi="http://www.w3.org/2001/XMLSchema-instance" xsi:type="a:Expression">{null, null}</a:value>
                    <a:nameRef>value</a:nameRef>
                    <a:id>1</a:id>
                </a:ruleInputTestConfigs>
                <a:assertions>
                    <a:expectedOutput>
                        <a:type a:uuid="{http://www.appian.com/ae/types/2009}Boolean"/>
                        <a:runtimeType a:uuid="{http://www.appian.com/ae/types/2009}Boolean"/>
                        <a:value xmlns:xsd="http://www.w3.org/2001/XMLSchema" xmlns:xsi="http://www.w3.org/2001/XMLSchema-instance" xsi:type="xsd:boolean">true</a:value>
                    </a:expectedOutput>
                </a:assertions>
            </el>
            <el>
                <a:name>String array</a:name>
                <a:ruleInputTestConfigs>
                    <a:value xmlns:xsi="http://www.w3.org/2001/XMLSchema-instance" xsi:type="a:Expression">{"hi", "", "there"}</a:value>
                    <a:nameRef>value</a:nameRef>
                    <a:id>1</a:id>
                </a:ruleInputTestConfigs>
                <a:assertions>
                    <a:expectedOutput>
                        <a:type a:uuid="{http://www.appian.com/ae/types/2009}Boolean"/>
                        <a:runtimeType a:uuid="{http://www.appian.com/ae/types/2009}Boolean"/>
                        <a:value xmlns:xsd="http://www.w3.org/2001/XMLSchema" xmlns:xsi="http://www.w3.org/2001/XMLSchema-instance" xsi:type="xsd:boolean">false</a:value>
                    </a:expectedOutput>
                </a:assertions>
            </el>
        </value>
    </typedValue>
    <history>
        <historyInfo versionUuid="_a-0000e2ad-62e7-8000-9ba2-011c48011c48_73541"/>
        <historyInfo versionUuid="_a-0000e2ad-62e7-8000-9ba2-011c48011c48_76502"/>
        <historyInfo versionUuid="_a-0000e2cd-bc96-8000-9ba2-011c48011c48_61603"/>
        <historyInfo versionUuid="_a-0000e2cd-bc96-8000-9ba2-011c48011c48_78359"/>
        <historyInfo versionUuid="_a-0000e2cd-bc96-8000-9ba2-011c48011c48_181172"/>
        <historyInfo versionUuid="_a-0000e3e6-fb42-8000-9ba5-011c48011c48_239540"/>
        <historyInfo versionUuid="_a-0000e416-3948-8000-9bb5-011c48011c48_293111"/>
        <historyInfo versionUuid="_a-0000e41b-1752-8000-9ba6-011c48011c48_18067"/>
        <historyInfo versionUuid="_a-0000e430-f270-8000-9bbc-011c48011c48_372963"/>
        <historyInfo versionUuid="_a-0000e447-933d-8000-9baa-011c48011c48_96220"/>
        <historyInfo versionUuid="_a-0000ed49-63f5-8000-9c9a-011c48011c48_389289"/>
    </history>
</contentHaul>
