<?xml version="1.0" encoding="UTF-8" standalone="yes"?>
<contentHaul xmlns:a="http://www.appian.com/ae/types/2009">
    <versionUuid>_a-0000ed49-63f5-8000-9c9a-011c48011c48_389248</versionUuid>
    <rule>
        <name>OAS_AS_CO_UT_sortCdt</name>
        <uuid>_a-0000e2ad-62e7-8000-9ba2-011c48011c48_75720</uuid>
        <description>Sorts a CDT, dictionary, or complex type.  Pass nullsFirst to explicitly sort nulls first or last.</description>
        <parentUuid>_a-0000e2ad-62e7-8000-9ba2-011c48011c48_73105</parentUuid>
        <visibility>
            <advertise>false</advertise>
            <hierarchy>true</hierarchy>
            <indexable>true</indexable>
            <quota>false</quota>
            <searchable>true</searchable>
            <system>false</system>
            <unlogged>false</unlogged>
        </visibility>
        <definition>cast(
  typeof(ri!cdt),
  if(
    #"_a-0000e2ad-62e7-8000-9ba2-011c48011c48_73536"(
      ri!field
    ),
    ri!cdt,
    with(
      local!dataSortedByField: todatasubset(
        ri!cdt,
        #"SYSTEM_SYSRULES_pagingInfo"(
          startIndex: 1,
          batchSize: - 1,
          sort: #"SYSTEM_SYSRULES_sortInfo"(
            field: ri!field,
            ascending: #"_a-0000e2ad-62e7-8000-9ba2-011c48011c48_73980"(
              ri!ascending,
              true
            )
          )
        )
      ).data,
      if(
        #"_a-0000e2ad-62e7-8000-9ba2-011c48011c48_73536"(
          ri!nullsFirst
        ),
        local!dataSortedByField,
        with(
          local!cdtsWithNullFieldValue: #"_a-0000e2ad-62e7-8000-9ba2-011c48011c48_75800"(
            cdt: local!dataSortedByField,
            field: ri!field,
            value: null
          ),
          local!cdtsWithNonNullFieldValue: #"_a-0000e40a-de32-8000-9ba8-011c48011c48_271202"(
            cdt: local!dataSortedByField,
            field: ri!field,
            value: null
          ),
          if(
            ri!nullsFirst,
            append(
              local!cdtsWithNullFieldValue,
              local!cdtsWithNonNullFieldValue
            ),
            append(
              local!cdtsWithNonNullFieldValue,
              local!cdtsWithNullFieldValue
            )
          )
        )
      )
    )
  )
)</definition>
        <namedTypedValue>
            <name>cdt</name>
            <type>
                <name>Variant</name>
                <namespace>http://www.appian.com/ae/types/2009</namespace>
            </type>
        </namedTypedValue>
        <namedTypedValue>
            <name>field</name>
            <type>
                <name>string</name>
                <namespace>http://www.w3.org/2001/XMLSchema</namespace>
            </type>
            <value/>
        </namedTypedValue>
        <namedTypedValue>
            <name>ascending</name>
            <type>
                <name>boolean</name>
                <namespace>http://www.w3.org/2001/XMLSchema</namespace>
            </type>
        </namedTypedValue>
        <namedTypedValue>
            <name>nullsFirst</name>
            <type>
                <name>boolean</name>
                <namespace>http://www.w3.org/2001/XMLSchema</namespace>
            </type>
        </namedTypedValue>
        <preferredEditor>legacy</preferredEditor>
        <offlineEnabled>false</offlineEnabled>
    </rule>
    <roleMap public="true">
        <role inherit="true" allowForAll="false" name="readers">
            <users/>
            <groups/>
        </role>
        <role inherit="true" allowForAll="false" name="authors">
            <users/>
            <groups/>
        </role>
        <role inherit="true" allowForAll="false" name="administrators">
            <users/>
            <groups/>
        </role>
        <role inherit="false" allowForAll="false" name="denyReaders">
            <users/>
            <groups/>
        </role>
        <role inherit="false" allowForAll="false" name="denyAuthors">
            <users/>
            <groups/>
        </role>
        <role inherit="false" allowForAll="false" name="denyAdministrators">
            <users/>
            <groups/>
        </role>
    </roleMap>
    <typedValue>
        <type>
            <name>RuleTestConfig?list</name>
            <namespace>http://www.appian.com/ae/types/2009</namespace>
        </type>
        <value>
            <el>
                <a:name>Null Inputs</a:name>
                <a:ruleInputTestConfigs>
                    <a:value xmlns:xsd="http://www.w3.org/2001/XMLSchema" xmlns:xsi="http://www.w3.org/2001/XMLSchema-instance" xsi:type="xsd:string"/>
                    <a:nameRef>cdt</a:nameRef>
                    <a:id>1</a:id>
                </a:ruleInputTestConfigs>
                <a:ruleInputTestConfigs>
                    <a:value xmlns:xsd="http://www.w3.org/2001/XMLSchema" xmlns:xsi="http://www.w3.org/2001/XMLSchema-instance" xsi:type="xsd:string"/>
                    <a:nameRef>field</a:nameRef>
                    <a:id>2</a:id>
                </a:ruleInputTestConfigs>
                <a:ruleInputTestConfigs>
                    <a:value xmlns:xsd="http://www.w3.org/2001/XMLSchema" xmlns:xsi="http://www.w3.org/2001/XMLSchema-instance" xsi:nil="true" xsi:type="xsd:boolean"/>
                    <a:nameRef>ascending</a:nameRef>
                    <a:id>3</a:id>
                </a:ruleInputTestConfigs>
                <a:ruleInputTestConfigs>
                    <a:value xmlns:xsi="http://www.w3.org/2001/XMLSchema-instance" xsi:nil="true"/>
                    <a:nameRef>nullsFirst</a:nameRef>
                    <a:id>4</a:id>
                </a:ruleInputTestConfigs>
                <a:assertions>
                    <a:expectedOutput>
                        <a:type a:uuid="{http://www.appian.com/ae/types/2009}Variant"/>
                        <a:runtimeType a:uuid="{http://www.appian.com/ae/types/2009}Variant"/>
                        <a:value xmlns:xsi="http://www.w3.org/2001/XMLSchema-instance" xsi:type="a:Expression">null</a:value>
                    </a:expectedOutput>
                </a:assertions>
            </el>
            <el>
                <a:name>Non-Nested Complex Type</a:name>
                <a:ruleInputTestConfigs>
                    <a:value xmlns:xsi="http://www.w3.org/2001/XMLSchema-instance" xsi:type="a:Expression">{
  {a: 2},
  {a: 1},
}</a:value>
                    <a:nameRef>cdt</a:nameRef>
                    <a:id>1</a:id>
                </a:ruleInputTestConfigs>
                <a:ruleInputTestConfigs>
                    <a:value xmlns:xsi="http://www.w3.org/2001/XMLSchema-instance" xsi:type="a:Expression">"a"</a:value>
                    <a:nameRef>field</a:nameRef>
                    <a:id>2</a:id>
                </a:ruleInputTestConfigs>
                <a:ruleInputTestConfigs>
                    <a:value xmlns:xsi="http://www.w3.org/2001/XMLSchema-instance" xsi:type="a:Expression">true</a:value>
                    <a:nameRef>ascending</a:nameRef>
                    <a:id>3</a:id>
                </a:ruleInputTestConfigs>
                <a:ruleInputTestConfigs>
                    <a:value xmlns:xsi="http://www.w3.org/2001/XMLSchema-instance" xsi:nil="true"/>
                    <a:nameRef>nullsFirst</a:nameRef>
                    <a:id>4</a:id>
                </a:ruleInputTestConfigs>
                <a:assertions>
                    <a:expectedOutput>
                        <a:type a:uuid="{http://www.appian.com/ae/types/2009}Variant"/>
                        <a:runtimeType a:uuid="{http://www.appian.com/ae/types/2009}Variant"/>
                        <a:value xmlns:xsi="http://www.w3.org/2001/XMLSchema-instance" xsi:type="a:Expression">{
  {a: 1},
  {a: 2},
}</a:value>
                    </a:expectedOutput>
                </a:assertions>
            </el>
            <el>
                <a:name>Nested Complex Type</a:name>
                <a:ruleInputTestConfigs>
                    <a:value xmlns:xsi="http://www.w3.org/2001/XMLSchema-instance" xsi:type="a:Expression">{
  {a: 1, b: {c: "Hi"}},
  {a: 2, b: {c: "Bye"}},
}</a:value>
                    <a:nameRef>cdt</a:nameRef>
                    <a:id>1</a:id>
                </a:ruleInputTestConfigs>
                <a:ruleInputTestConfigs>
                    <a:value xmlns:xsi="http://www.w3.org/2001/XMLSchema-instance" xsi:type="a:Expression">"b.c"</a:value>
                    <a:nameRef>field</a:nameRef>
                    <a:id>2</a:id>
                </a:ruleInputTestConfigs>
                <a:ruleInputTestConfigs>
                    <a:value xmlns:xsi="http://www.w3.org/2001/XMLSchema-instance" xsi:type="a:Expression">true</a:value>
                    <a:nameRef>ascending</a:nameRef>
                    <a:id>3</a:id>
                </a:ruleInputTestConfigs>
                <a:ruleInputTestConfigs>
                    <a:value xmlns:xsi="http://www.w3.org/2001/XMLSchema-instance" xsi:nil="true"/>
                    <a:nameRef>nullsFirst</a:nameRef>
                    <a:id>4</a:id>
                </a:ruleInputTestConfigs>
                <a:assertions>
                    <a:expectedOutput>
                        <a:type a:uuid="{http://www.appian.com/ae/types/2009}Variant"/>
                        <a:runtimeType a:uuid="{http://www.appian.com/ae/types/2009}Variant"/>
                        <a:value xmlns:xsi="http://www.w3.org/2001/XMLSchema-instance" xsi:type="a:Expression">{
  {a: 2, b: {c: "Bye"}},
  {a: 1, b: {c: "Hi"}},
}</a:value>
                    </a:expectedOutput>
                </a:assertions>
            </el>
            <el>
                <a:name>Empty CDT</a:name>
                <a:ruleInputTestConfigs>
                    <a:value xmlns:xsi="http://www.w3.org/2001/XMLSchema-instance" xsi:type="a:Expression">{}</a:value>
                    <a:nameRef>cdt</a:nameRef>
                    <a:id>1</a:id>
                </a:ruleInputTestConfigs>
                <a:ruleInputTestConfigs>
                    <a:value xmlns:xsi="http://www.w3.org/2001/XMLSchema-instance" xsi:type="a:Expression">"a"</a:value>
                    <a:nameRef>field</a:nameRef>
                    <a:id>2</a:id>
                </a:ruleInputTestConfigs>
                <a:ruleInputTestConfigs>
                    <a:value xmlns:xsd="http://www.w3.org/2001/XMLSchema" xmlns:xsi="http://www.w3.org/2001/XMLSchema-instance" xsi:nil="true" xsi:type="xsd:boolean"/>
                    <a:nameRef>ascending</a:nameRef>
                    <a:id>3</a:id>
                </a:ruleInputTestConfigs>
                <a:ruleInputTestConfigs>
                    <a:value xmlns:xsi="http://www.w3.org/2001/XMLSchema-instance" xsi:nil="true"/>
                    <a:nameRef>nullsFirst</a:nameRef>
                    <a:id>4</a:id>
                </a:ruleInputTestConfigs>
                <a:assertions>
                    <a:expectedOutput>
                        <a:type a:uuid="{http://www.appian.com/ae/types/2009}Variant"/>
                        <a:runtimeType a:uuid="{http://www.appian.com/ae/types/2009}Variant"/>
                        <a:value xmlns:xsi="http://www.w3.org/2001/XMLSchema-instance" xsi:type="a:Expression">{}</a:value>
                    </a:expectedOutput>
                </a:assertions>
            </el>
            <el>
                <a:name>Nested Complex Type, nulls first</a:name>
                <a:ruleInputTestConfigs>
                    <a:value xmlns:xsi="http://www.w3.org/2001/XMLSchema-instance" xsi:type="a:Expression">{
  {a: 1, b: {c: "Hi"}},
  {a: 2, b: {c: "Bye"}},
  {a: 3, b: {c: null}},
}</a:value>
                    <a:nameRef>cdt</a:nameRef>
                    <a:id>1</a:id>
                </a:ruleInputTestConfigs>
                <a:ruleInputTestConfigs>
                    <a:value xmlns:xsi="http://www.w3.org/2001/XMLSchema-instance" xsi:type="a:Expression">"b.c"</a:value>
                    <a:nameRef>field</a:nameRef>
                    <a:id>2</a:id>
                </a:ruleInputTestConfigs>
                <a:ruleInputTestConfigs>
                    <a:value xmlns:xsi="http://www.w3.org/2001/XMLSchema-instance" xsi:type="a:Expression">true</a:value>
                    <a:nameRef>ascending</a:nameRef>
                    <a:id>3</a:id>
                </a:ruleInputTestConfigs>
                <a:ruleInputTestConfigs>
                    <a:value xmlns:xsd="http://www.w3.org/2001/XMLSchema" xmlns:xsi="http://www.w3.org/2001/XMLSchema-instance" xsi:type="xsd:boolean">true</a:value>
                    <a:nameRef>nullsFirst</a:nameRef>
                    <a:id>4</a:id>
                </a:ruleInputTestConfigs>
                <a:assertions>
                    <a:expectedOutput>
                        <a:type a:uuid="{http://www.appian.com/ae/types/2009}Variant"/>
                        <a:runtimeType a:uuid="{http://www.appian.com/ae/types/2009}Variant"/>
                        <a:value xmlns:xsi="http://www.w3.org/2001/XMLSchema-instance" xsi:type="a:Expression">{
  {a: 3, b: {c: null}},
  {a: 2, b: {c: "Bye"}},
  {a: 1, b: {c: "Hi"}},
}</a:value>
                    </a:expectedOutput>
                </a:assertions>
            </el>
            <el>
                <a:name>Copy of Nested Complex Type, nulls last</a:name>
                <a:ruleInputTestConfigs>
                    <a:value xmlns:xsi="http://www.w3.org/2001/XMLSchema-instance" xsi:type="a:Expression">{
  {a: 1, b: {c: "Hi"}},
  {a: 2, b: {c: "Bye"}},
  {a: 3, b: {c: null}},
}</a:value>
                    <a:nameRef>cdt</a:nameRef>
                    <a:id>1</a:id>
                </a:ruleInputTestConfigs>
                <a:ruleInputTestConfigs>
                    <a:value xmlns:xsi="http://www.w3.org/2001/XMLSchema-instance" xsi:type="a:Expression">"b.c"</a:value>
                    <a:nameRef>field</a:nameRef>
                    <a:id>2</a:id>
                </a:ruleInputTestConfigs>
                <a:ruleInputTestConfigs>
                    <a:value xmlns:xsi="http://www.w3.org/2001/XMLSchema-instance" xsi:type="a:Expression">true</a:value>
                    <a:nameRef>ascending</a:nameRef>
                    <a:id>3</a:id>
                </a:ruleInputTestConfigs>
                <a:ruleInputTestConfigs>
                    <a:value xmlns:xsd="http://www.w3.org/2001/XMLSchema" xmlns:xsi="http://www.w3.org/2001/XMLSchema-instance" xsi:type="xsd:boolean">false</a:value>
                    <a:nameRef>nullsFirst</a:nameRef>
                    <a:id>4</a:id>
                </a:ruleInputTestConfigs>
                <a:assertions>
                    <a:expectedOutput>
                        <a:type a:uuid="{http://www.appian.com/ae/types/2009}Variant"/>
                        <a:runtimeType a:uuid="{http://www.appian.com/ae/types/2009}Variant"/>
                        <a:value xmlns:xsi="http://www.w3.org/2001/XMLSchema-instance" xsi:type="a:Expression">{
  {a: 2, b: {c: "Bye"}},
  {a: 1, b: {c: "Hi"}},
  {a: 3, b: {c: null}}
}</a:value>
                    </a:expectedOutput>
                </a:assertions>
            </el>
        </value>
    </typedValue>
    <history>
        <historyInfo versionUuid="_a-0000e2ad-62e7-8000-9ba2-011c48011c48_76879"/>
        <historyInfo versionUuid="_a-0000e3d1-f4dc-8000-9ba4-011c48011c48_144890"/>
        <historyInfo versionUuid="_a-0000e40a-de32-8000-9ba8-011c48011c48_289693"/>
        <historyInfo versionUuid="_a-0000e430-f270-8000-9bbc-011c48011c48_372429"/>
        <historyInfo versionUuid="_a-0000e447-933d-8000-9baa-011c48011c48_71113"/>
        <historyInfo versionUuid="_a-0000ed49-63f5-8000-9c9a-011c48011c48_389248"/>
    </history>
</contentHaul>
