<?xml version="1.0" encoding="UTF-8" standalone="yes"?>
<contentHaul xmlns:a="http://www.appian.com/ae/types/2009">
    <versionUuid>_a-0000ed36-ed5b-8000-9c96-011c48011c48_369889</versionUuid>
    <interface>
        <name>OAS_OWL_Send_email_EML</name>
        <uuid>_a-0000ed36-ed5b-8000-9c96-011c48011c48_363318</uuid>
        <description></description>
        <parentUuid>SYSTEM_RULE_FOLDER_QUICK_APPS</parentUuid>
        <visibility>
            <advertise>false</advertise>
            <hierarchy>true</hierarchy>
            <indexable>true</indexable>
            <quota>false</quota>
            <searchable>true</searchable>
            <system>false</system>
            <unlogged>false</unlogged>
        </visibility>
        <definition>a!localVariables(
  local!owl_date_time,
  local!syncedRecords: 
    #"SYSTEM_SYSRULES_forEach"(
      items: getconstantvaluebyname("OAS_Create_Case_from_Email_Records"),
      expression: #"_a-0000ed2d-b2b7-8000-9c94-011c48011c48_359439"(abbreviation: fv!item)
    ),
  #"SYSTEM_SYSRULES_formLayout_v1"(
    label: "",
    contents: {
      #"SYSTEM_SYSRULES_richTextDisplayField"(
        labelPosition: "COLLAPSED",
        value: {
          #"SYSTEM_SYSRULES_richTextItem_v1"(
            text: {
              #"SYSTEM_SYSRULES_richTextIcon"(icon: "envelope"),
              " Send Email for OWL Automation"
            },
            size: "LARGE_PLUS"
          )
        }
      ),
      #"SYSTEM_SYSRULES_sectionLayout_v1"(
        contents: {
          #"SYSTEM_SYSRULES_textField"(
            label: "Owl Date Time",
            labelPosition: "ABOVE",
            instructions: "Email will be sent only if value is given else records will be inserted through stored procedure",
            value: local!owl_date_time,
            saveInto: local!owl_date_time,
            refreshAfter: "UNFOCUS",
            validations: {}
          ),
          #"SYSTEM_SYSRULES_sectionLayout_v1"(
            label: "",
            contents: {#"SYSTEM_SYSRULES_richTextDisplayField"(
              label: "Synced records",
              value: #"SYSTEM_SYSRULES_forEach"(
                items: local!syncedRecords,
                expression: {
                  #"_a-0000e447-933d-8000-9baa-011c48011c48_69535"(
                    object: fv!item,
                    includeExternalLink: true
                  ),
                  char(10)
                }
              )
            )}
          )
        }
      )
    },
    buttons: #"SYSTEM_SYSRULES_ButtonLayout"(
      primaryButtons: {
        #"SYSTEM_SYSRULES_buttonWidget_v1"(
          label: "Send Email",
          icon: "envelope",
          saveInto: if(
            a!isNotNullOrEmpty(local!owl_date_time),
            #"SYSTEM_SYSRULES_startProcess3"(
              processModel: #"_a-0000ed36-ed5b-8000-9c96-011c48011c48_363211",
              processParameters: {
                Owl_Date_time_String: local!owl_date_time
              }
            ),
            #"SYSTEM_SYSRULES_startProcess3"(
              processModel: #"_a-0000ed2d-b2b7-8000-9c94-011c48011c48_360144",
              processParameters: {
                StoredProcedureName: #"_a-0000ed36-ed5b-8000-9c96-011c48011c48_366596"
              }
            )
          ),
          submit: true,
          style: "SOLID"
        )
      },
      secondaryButtons: {
        #"SYSTEM_SYSRULES_buttonWidget_v1"(
          label: "Sync all",
          style:"SOLID",
          saveInto: {
            /*Need to perform the following action for each record in the list, but cannot use foreach*/
            /*a!externalReaction(*/
            /*"record.replica.refresh",*/
            /*local!syncedRecords[1].uuid*/
            /*),*/
            eval(
              concat(
                "a!assystem_appian_internal({",
                joinarray(
                  #"SYSTEM_SYSRULES_forEach"(
                    items: local!syncedRecords.uuid,
                    expression: concat(
                      "a!externalReaction(""record.replica.refresh"",""",
                      fv!item,
                      """)"
                    )
                  ),
                  " ,"
                ),
                "})"
              )
            )
          }
        )
      }
    )
  )
)</definition>
        <namedTypedValue>
            <name>cancel</name>
            <type>
                <name>boolean</name>
                <namespace>http://www.w3.org/2001/XMLSchema</namespace>
            </type>
        </namedTypedValue>
        <preferredEditor>interface</preferredEditor>
        <offlineEnabled>false</offlineEnabled>
        <isCustom>false</isCustom>
    </interface>
    <roleMap public="true">
        <role inherit="true" allowForAll="false" name="readers">
            <users/>
            <groups/>
        </role>
        <role inherit="true" allowForAll="false" name="authors">
            <users/>
            <groups/>
        </role>
        <role inherit="true" allowForAll="false" name="administrators">
            <users/>
            <groups/>
        </role>
        <role inherit="false" allowForAll="false" name="denyReaders">
            <users/>
            <groups/>
        </role>
        <role inherit="false" allowForAll="false" name="denyAuthors">
            <users/>
            <groups/>
        </role>
        <role inherit="false" allowForAll="false" name="denyAdministrators">
            <users/>
            <groups/>
        </role>
    </roleMap>
    <history>
        <historyInfo versionUuid="_a-0000ed36-ed5b-8000-9c96-011c48011c48_364669"/>
        <historyInfo versionUuid="_a-0000ed36-ed5b-8000-9c96-011c48011c48_369889"/>
    </history>
</contentHaul>
