<?xml version="1.0" encoding="UTF-8" standalone="yes"?>
<contentHaul xmlns:a="http://www.appian.com/ae/types/2009">
    <versionUuid>_a-0000e447-933d-8000-9baa-011c48011c48_72324</versionUuid>
    <rule>
        <name>DEV_TOOLS_display_object</name>
        <uuid>_a-0000e447-933d-8000-9baa-011c48011c48_69535</uuid>
        <description></description>
        <parentUuid>_a-0000e2ee-bf3d-8000-90cd-01ef9001ef90_22291</parentUuid>
        <visibility>
            <advertise>false</advertise>
            <hierarchy>true</hierarchy>
            <indexable>true</indexable>
            <quota>false</quota>
            <searchable>true</searchable>
            <system>false</system>
            <unlogged>false</unlogged>
        </visibility>
        <definition>{
  #"SYSTEM_SYSRULES_richTextImage"(
    image: #"SYSTEM_SYSRULES_webImage"(
      source: ri!object.imageUrl,
      caption: #"_a-0000e447-933d-8000-9baa-011c48011c48_51976"(type: ri!object.type)
    ),
    showWhen: not(isnull(ri!object.imageUrl))
  ),
  #"SYSTEM_SYSRULES_richTextItem_v1"(
    text: {
      ri!object.name,
      if(
        ri!includeExternalLink,
        {
          " ",
          #"SYSTEM_SYSRULES_richTextIcon"(
            icon: "external-link"
          )
        },
        {}
      )
    },
    link: ri!object.editLink,
    linkStyle: "STANDALONE"
  )
}</definition>
        <namedTypedValue>
            <name>object</name>
            <type>
                <name>DEV_TOOLS_p_object_deps</name>
                <namespace>urn:com:appian:types:DEV_TOOLS</namespace>
            </type>
        </namedTypedValue>
        <namedTypedValue>
            <name>includeExternalLink</name>
            <type>
                <name>boolean</name>
                <namespace>http://www.w3.org/2001/XMLSchema</namespace>
            </type>
        </namedTypedValue>
        <preferredEditor>legacy</preferredEditor>
        <offlineEnabled>false</offlineEnabled>
    </rule>
    <roleMap public="true">
        <role inherit="true" allowForAll="false" name="readers">
            <users/>
            <groups/>
        </role>
        <role inherit="true" allowForAll="false" name="authors">
            <users/>
            <groups/>
        </role>
        <role inherit="true" allowForAll="false" name="administrators">
            <users/>
            <groups/>
        </role>
        <role inherit="false" allowForAll="false" name="denyReaders">
            <users/>
            <groups/>
        </role>
        <role inherit="false" allowForAll="false" name="denyAuthors">
            <users/>
            <groups/>
        </role>
        <role inherit="false" allowForAll="false" name="denyAdministrators">
            <users/>
            <groups/>
        </role>
    </roleMap>
    <history>
        <historyInfo versionUuid="_a-0000e447-933d-8000-9baa-011c48011c48_69546"/>
        <historyInfo versionUuid="_a-0000e447-933d-8000-9baa-011c48011c48_71086"/>
        <historyInfo versionUuid="_a-0000e447-933d-8000-9baa-011c48011c48_72324"/>
    </history>
</contentHaul>
