<?xml version="1.0" encoding="UTF-8" standalone="yes"?>
<contentHaul xmlns:a="http://www.appian.com/ae/types/2009">
    <versionUuid>_a-0000e86f-2e38-8000-9bef-011c48011c48_766130</versionUuid>
    <rule>
        <name>dev_tool_get_all_synced_records</name>
        <uuid>fea20210-c182-4eb0-9f81-30a6c9f648d8</uuid>
        <description></description>
        <parentUuid>SYSTEM_RULE_FOLDER_QUICK_APPS</parentUuid>
        <visibility>
            <advertise>false</advertise>
            <hierarchy>true</hierarchy>
            <indexable>true</indexable>
            <quota>false</quota>
            <searchable>true</searchable>
            <system>false</system>
            <unlogged>false</unlogged>
        </visibility>
        <definition>a!localVariables(
  local!allRecords: #"_a-0000e5d4-2024-8000-9baf-011c48011c48_334404"(
    types: {"record"}
  ).data.obj,
  local!syncedRecords: a!flatten(
    #"SYSTEM_SYSRULES_forEach"(
      items: local!allRecords,
      expression: a!localVariables(
        local!recordDefinition: recordTypeDefinitionReadDto_externalized_appian_internal(fv!item.uuid),
        local!isSynced: local!recordDefinition.isReplicaEnabled,
        if(local!isSynced, fv!item, {})
      )
    )
  ),
  #"_a-0000e2ad-62e7-8000-9ba2-011c48011c48_75720"(
    cdt: local!syncedRecords,
    field: "name",
    ascending: true
  )
)</definition>
        <preferredEditor>legacy</preferredEditor>
        <offlineEnabled>false</offlineEnabled>
    </rule>
    <roleMap public="true">
        <role inherit="true" allowForAll="false" name="readers">
            <users/>
            <groups/>
        </role>
        <role inherit="true" allowForAll="false" name="authors">
            <users/>
            <groups/>
        </role>
        <role inherit="true" allowForAll="false" name="administrators">
            <users/>
            <groups/>
        </role>
        <role inherit="false" allowForAll="false" name="denyReaders">
            <users/>
            <groups/>
        </role>
        <role inherit="false" allowForAll="false" name="denyAuthors">
            <users/>
            <groups/>
        </role>
        <role inherit="false" allowForAll="false" name="denyAdministrators">
            <users/>
            <groups/>
        </role>
    </roleMap>
    <history>
        <historyInfo versionUuid="_a-0000e6ec-ba89-8000-9be2-011c48011c48_1892220"/>
        <historyInfo versionUuid="_a-0000e86f-2e38-8000-9bef-011c48011c48_766130"/>
    </history>
</contentHaul>
