<?xml version="1.0" encoding="UTF-8" standalone="yes"?>
<groupHaul xmlns:a="http://www.appian.com/ae/types/2009">
    <versionUuid>1f6e9f0d-1536-49fd-9eb6-eb851ead7576</versionUuid>
    <group>
        <name>OAS Administrators</name>
        <securityMap>SECURITYMAP_TEAM</securityMap>
        <uuid>1f6e9f0d-1536-49fd-9eb6-eb851ead7576</uuid>
        <groupTypeUuid>SYSTEM_GROUP_TYPE_CUSTOM</groupTypeUuid>
        <description>Assigns Administrator permissions to users for objects in the application</description>
        <delegatedCreation>false</delegatedCreation>
        <memberPolicy>MEMBERPOLICY_CLOSED</memberPolicy>
        <viewingPolicy>VIEWINGPOLICY_LOW</viewingPolicy>
        <attributes/>
    </group>
    <members>
        <users/>
        <groups/>
    </members>
    <admins>
        <users/>
        <groups>
            <groupUuid>1f6e9f0d-1536-49fd-9eb6-eb851ead7576</groupUuid>
        </groups>
    </admins>
    <ruleSet/>
    <history>
        <historyInfo versionUuid="1f6e9f0d-1536-49fd-9eb6-eb851ead7576"/>
    </history>
</groupHaul>
