<?xml version="1.0" encoding="UTF-8" standalone="yes"?>
<groupHaul xmlns:a="http://www.appian.com/ae/types/2009">
    <versionUuid>_e-0000e36c-7599-8000-9aee-01075c01075c_3711</versionUuid>
    <group>
        <name>AS CO Appian Administrators</name>
        <securityMap>SECURITYMAP_PUBLIC</securityMap>
        <uuid>_e-0000e2ad-62e7-8000-9aee-01075c01075c_85</uuid>
        <groupTypeUuid>SYSTEM_GROUP_TYPE_CUSTOM</groupTypeUuid>
        <description>Designer Administrator Group</description>
        <delegatedCreation>false</delegatedCreation>
        <memberPolicy>MEMBERPOLICY_CLOSED</memberPolicy>
        <viewingPolicy>VIEWINGPOLICY_LOW</viewingPolicy>
        <attributes/>
    </group>
    <members>
        <users/>
        <groups/>
    </members>
    <admins>
        <users/>
        <groups>
            <groupUuid>_e-0000e2ad-62e7-8000-9aee-01075c01075c_85</groupUuid>
        </groups>
    </admins>
    <ruleSet/>
    <history>
        <historyInfo versionUuid="_e-0000e2ad-62e7-8000-9aee-01075c01075c_87"/>
        <historyInfo versionUuid="_e-0000e2ad-62e7-8000-9aee-01075c01075c_90"/>
        <historyInfo versionUuid="_e-0000e2cd-bc96-8000-9aee-01075c01075c_1223"/>
        <historyInfo versionUuid="_e-0000e329-3415-8000-9aee-01075c01075c_5508"/>
        <historyInfo versionUuid="_e-0000e36c-7599-8000-9aee-01075c01075c_3711"/>
        <historyInfo versionUuid="_e-0000e3c8-6861-8000-9aee-01075c01075c_4086"/>
        <historyInfo versionUuid="_e-0000e3d1-f4dc-8000-9af0-01075c01075c_7287"/>
        <historyInfo versionUuid="_e-0000e3d1-f4dc-8000-9af0-01075c01075c_7499"/>
        <historyInfo versionUuid="_e-0000e3d1-f4dc-8000-9af0-01075c01075c_7925"/>
    </history>
</groupHaul>
