<?xml version="1.0" encoding="UTF-8"?>
<siteHaul xmlns:a="http://www.appian.com/ae/types/2009" xmlns:xsi="http://www.w3.org/2001/XMLSchema-instance">
  <versionUuid>8ee23fec-6594-4eaa-a009-88a21d6192e0</versionUuid>
  <site a:uuid="7b8662c7-12b4-4f3e-b052-c9c4410bb235" name="OAS OWL Support Tool">
    <description/>
    <urlStub>owl-support-tool</urlStub>
    <page a:uuid="0182edc6-a6b3-410e-9c1b-80a52e3030bd">
      <staticName>Delete and Sync Records</staticName>
      <description/>
      <urlStub>delete-and-sync-records</urlStub>
      <uiObject a:uuid="_a-0000ed36-ed5b-8000-9c96-011c48011c48_363342" xsi:type="a:ContentFreeformRule"/>
      <iconId>f1c0</iconId>
      <visibilityExpr>fn!true()</visibilityExpr>
      <pageWidth>WIDE</pageWidth>
      <sitePageInput a:uuid="21e2fc2d-e568-4db5-abbd-62ab071f53c7">
        <inputName>Record_Type_Constant_Name</inputName>
        <allowQueryParameter>true</allowQueryParameter>
        <defaultValue/>
        <urlParamName>Record_Type_Constant_Name</urlParamName>
      </sitePageInput>
      <sitePageInput a:uuid="a6d03bb9-8c23-4ddd-b6d3-744a0e60aa9f">
        <inputName>Stored_Procedure_Constant_Name</inputName>
        <allowQueryParameter>true</allowQueryParameter>
        <defaultValue/>
        <urlParamName>Stored_Procedure_Constant_Name</urlParamName>
      </sitePageInput>
      <areUrlParamsEncrypted>true</areUrlParamsEncrypted>
      <autoContextUpdateEnabled>true</autoContextUpdateEnabled>
    </page>
    <page a:uuid="073722b8-2644-48fa-b1f0-7bdef51c1b79">
      <staticName>Send Email</staticName>
      <description/>
      <urlStub>send-email</urlStub>
      <uiObject a:uuid="_a-0000ed36-ed5b-8000-9c96-011c48011c48_363318" xsi:type="a:ContentFreeformRule"/>
      <iconId>f0e0</iconId>
      <visibilityExpr>fn!true()</visibilityExpr>
      <pageWidth>WIDE</pageWidth>
      <sitePageInput a:uuid="9ef894c3-87ea-4a16-b0b4-4c3794ea9784">
        <inputName>cancel</inputName>
        <allowQueryParameter>true</allowQueryParameter>
        <defaultValue/>
        <urlParamName>cancel</urlParamName>
      </sitePageInput>
      <areUrlParamsEncrypted>true</areUrlParamsEncrypted>
      <autoContextUpdateEnabled>true</autoContextUpdateEnabled>
    </page>
    <visibility>268435456</visibility>
    <headerBackgroundColor>#1a1e21</headerBackgroundColor>
    <selectedTabBackgroundColor>#242a2d</selectedTabBackgroundColor>
    <faviconRef a:uuid="SYSTEM_CONTENT_SITES_DEFAULT_FAVICON" xsi:type="a:CollaborationDocument"/>
    <logoRef a:uuid="SYSTEM_CONTENT_SITES_DEFAULT_LOGO" xsi:type="a:CollaborationDocument"/>
    <accentColor>#69afdc</accentColor>
    <showName>false</showName>
    <tempoLinkVisibility>HIDDEN</tempoLinkVisibility>
    <showRecordNews>true</showRecordNews>
    <tasksInSitesVisibility>HIDDEN</tasksInSitesVisibility>
    <buttonShape>SQUARED</buttonShape>
    <navigationBarStyle>STYLE1</navigationBarStyle>
    <inputShape>SQUARED</inputShape>
    <isSystem>false</isSystem>
    <displayName>OWL Support Tool</displayName>
    <isStaticDisplayName>true</isStaticDisplayName>
    <nameExprIsEvaluable>true</nameExprIsEvaluable>
    <primaryNavLayoutType>TOPBAR</primaryNavLayoutType>
  </site>
  <roleMap>
    <role name="site_administrator">
      <users/>
      <groups>
        <groupUuid>1f6e9f0d-1536-49fd-9eb6-eb851ead7576</groupUuid>
      </groups>
    </role>
    <role name="site_viewer">
      <users/>
      <groups>
        <groupUuid>fa0dbdc5-ec32-4d98-a551-a8896a8b592a</groupUuid>
      </groups>
    </role>
  </roleMap>
  <history>
    <historyInfo versionUuid="e45c515d-b954-4eb6-ad05-11003b5033b4"/>
    <historyInfo versionUuid="8ee23fec-6594-4eaa-a009-88a21d6192e0"/>
  </history>
</siteHaul>
